id,nom_conducteur,prenom_conducteur,email,gender,dateembauche
1,Percy,Sizzey,psizzey0@dagondesign.com,Male,8/3/2024
2,Levin,Stanion,lstanion1@rakuten.co.jp,Male,12/10/2024
3,Tybalt,Godfroy,tgodfroy2@ebay.com,Male,12/13/2024
4,Reggy,Dumelow,rdumelow3@cbc.ca,Male,11/3/2024
5,Boniface,Etter,better4@amazon.de,Male,12/5/2024
6,Aldridge,Mebius,amebius5@marketwatch.com,Male,7/23/2024
7,Coralie,Climer,cclimer6@typepad.com,Female,6/14/2024
8,Stevy,Harry,sharry7@netscape.com,Male,12/10/2024
9,Avrom,Macauley,amacauley8@woothemes.com,Male,12/9/2024
10,Duane,Starkings,dstarkings9@about.com,Polygender,10/17/2024
11,Ambrosius,Ludovici,aludovicia@twitter.com,Male,2/21/2025
12,Dwight,Bullick,dbullickb@sourceforge.net,Male,4/14/2024
13,Jaine,Kellie,jkelliec@netlog.com,Female,8/5/2024
14,Samuel,Gherardesci,sgherardescid@about.com,Male,7/5/2024
15,Rubina,Agass,ragasse@cam.ac.uk,Female,12/5/2024
16,Jenny,Wiltshear,jwiltshearf@samsung.com,Female,2/14/2025
17,Mimi,Boam,mboamg@google.es,Female,9/16/2024
18,Basil,Skerm,bskermh@latimes.com,Male,7/17/2024
19,Tammy,Kolak,tkolaki@washington.edu,Male,2/21/2025
20,Agosto,Belle,abellej@4shared.com,Male,2/18/2025
21,Lenette,De la croix,ldelacroixk@telegraph.co.uk,Female,7/19/2024
22,Suzi,Degoe,sdegoel@techcrunch.com,Female,5/25/2024
23,Kacy,Rhelton,krheltonm@ocn.ne.jp,Female,2/23/2025
24,Libbi,Moorerud,lmoorerudn@timesonline.co.uk,Female,6/21/2024
25,Loreen,Van Merwe,lvanmerweo@earthlink.net,Female,4/17/2024
26,Eustacia,Copley,ecopleyp@google.ru,Female,9/6/2024
27,Geoff,Trebble,gtrebbleq@goodreads.com,Male,4/1/2024
28,Amabelle,Vasilyev,avasilyevr@stanford.edu,Female,9/11/2024
29,Angelita,Cadman,acadmans@hud.gov,Genderfluid,3/24/2024
30,Vida,Danzig,vdanzigt@4shared.com,Female,7/17/2024
31,Kitti,Ege,kegeu@sfgate.com,Female,10/14/2024
32,Eduardo,Shorrock,eshorrockv@hexun.com,Male,7/20/2024
33,Raphaela,Lindstedt,rlindstedtw@foxnews.com,Female,10/11/2024
34,Kenneth,Biesty,kbiestyx@smugmug.com,Male,9/23/2024
35,Avigdor,Deedes,adeedesy@elegantthemes.com,Male,2/1/2025
36,Adriano,Lavis,alavisz@squarespace.com,Male,9/23/2024
37,Enrique,Gibben,egibben10@sfgate.com,Male,5/27/2024
38,Dwain,Rayhill,drayhill11@imdb.com,Male,12/6/2024
39,Trixy,Brandrick,tbrandrick12@xing.com,Female,10/11/2024
40,Donovan,Hardison,dhardison13@storify.com,Male,8/25/2024
41,Yolane,Zambon,yzambon14@mayoclinic.com,Female,3/1/2025
42,Anne,Filpi,afilpi15@businessweek.com,Female,3/8/2024
43,Samuel,Gobolos,sgobolos16@home.pl,Male,12/6/2024
44,Halimeda,Stodit,hstodit17@soup.io,Female,1/9/2025
45,Sherwood,Mirrlees,smirrlees18@amazon.de,Male,5/19/2024
46,Reid,Pitson,rpitson19@privacy.gov.au,Male,2/27/2025
47,Pall,Bavister,pbavister1a@alexa.com,Male,7/30/2024
48,Rockey,Lilian,rlilian1b@boston.com,Male,9/29/2024
49,Winslow,Peepall,wpeepall1c@privacy.gov.au,Male,7/5/2024
50,Roanna,Martusov,rmartusov1d@redcross.org,Female,10/16/2024
51,Dorotea,Garwill,dgarwill1e@un.org,Female,5/18/2024
52,Roana,Veare,rveare1f@howstuffworks.com,Female,5/21/2024
53,Stormy,Robotham,srobotham1g@unblog.fr,Female,12/21/2024
54,Marcel,Pringer,mpringer1h@paginegialle.it,Male,10/31/2024
55,Lettie,Hancock,lhancock1i@salon.com,Female,3/1/2025
56,Tiffani,Airdrie,tairdrie1j@tinypic.com,Female,7/1/2024
57,Kizzie,Roscam,kroscam1k@miibeian.gov.cn,Female,7/16/2024
58,Marillin,Vandenhoff,mvandenhoff1l@arizona.edu,Female,7/29/2024
59,Irita,Andriveau,iandriveau1m@flickr.com,Female,11/10/2024
60,Pate,Broomhall,pbroomhall1n@marketwatch.com,Male,12/27/2024
61,Zahara,Meineck,zmeineck1o@shareasale.com,Genderqueer,7/7/2024
62,Morton,Olander,molander1p@simplemachines.org,Male,6/17/2024
63,Miran,O' Neligan,moneligan1q@fema.gov,Female,2/15/2025
64,Leon,Thurling,lthurling1r@seattletimes.com,Male,8/15/2024
65,Jena,Habben,jhabben1s@angelfire.com,Female,10/19/2024
66,Lyle,Argabrite,largabrite1t@github.io,Male,5/29/2024
67,Freeland,Tante,ftante1u@feedburner.com,Male,9/11/2024
68,Arabella,Drewe,adrewe1v@google.es,Female,10/27/2024
69,Austin,McGillicuddy,amcgillicuddy1w@dailymotion.com,Male,9/22/2024
70,Katinka,Hanrott,khanrott1x@shareasale.com,Female,8/28/2024
71,Gratia,Baile,gbaile1y@linkedin.com,Female,3/9/2024
72,Saunderson,Romans,sromans1z@nsw.gov.au,Male,4/19/2024
73,Keelia,Challenger,kchallenger20@altervista.org,Female,10/30/2024
74,Mina,Baudacci,mbaudacci21@nationalgeographic.com,Female,3/2/2024
75,Melvin,MacLleese,mmaclleese22@imdb.com,Male,2/19/2025
76,Sapphire,Stockman,sstockman23@cnbc.com,Female,7/20/2024
77,Christel,Buttrey,cbuttrey24@wufoo.com,Female,7/11/2024
78,Nahum,Lamartine,nlamartine25@stumbleupon.com,Male,1/16/2025
79,Jedediah,McLucas,jmclucas26@hud.gov,Male,7/2/2024
80,Winna,Pritchitt,wpritchitt27@whitehouse.gov,Female,6/4/2024
81,Vinson,MacKartan,vmackartan28@nih.gov,Male,9/10/2024
82,Germaine,Grafhom,ggrafhom29@themeforest.net,Male,4/10/2024
83,Morty,Gowland,mgowland2a@tumblr.com,Male,5/14/2024
84,Bengt,Petkovic,bpetkovic2b@usda.gov,Male,11/24/2024
85,Corny,Cowtherd,ccowtherd2c@4shared.com,Female,2/11/2025
86,Megan,Arenson,marenson2d@samsung.com,Female,1/8/2025
87,Brion,Tizard,btizard2e@google.cn,Male,10/19/2024
88,Orton,Antonucci,oantonucci2f@noaa.gov,Male,1/1/2025
89,Corey,Whitta,cwhitta2g@phoca.cz,Female,9/13/2024
90,Sidnee,Simes,ssimes2h@msu.edu,Male,3/9/2024
91,Horace,Dyster,hdyster2i@vkontakte.ru,Male,6/10/2024
92,Allissa,McDougald,amcdougald2j@msu.edu,Female,9/7/2024
93,Ciel,Beston,cbeston2k@imageshack.us,Female,12/22/2024
94,Rodolph,Corpes,rcorpes2l@un.org,Male,1/23/2025
95,Ronica,Flecknoe,rflecknoe2m@google.cn,Female,4/1/2024
96,Freddi,Hair,fhair2n@nationalgeographic.com,Female,3/2/2024
97,Esra,Heinreich,eheinreich2o@dell.com,Male,6/12/2024
98,Ase,Egleton,aegleton2p@whitehouse.gov,Male,7/5/2024
99,Rourke,Ansty,ransty2q@goodreads.com,Male,5/11/2024
100,Lilli,Hugh,lhugh2r@indiatimes.com,Female,4/25/2024
101,Olin,Muspratt,omuspratt2s@rediff.com,Male,2/27/2025
102,Haley,Gosse,hgosse2t@dailymail.co.uk,Female,8/16/2024
103,Brose,Learmond,blearmond2u@huffingtonpost.com,Male,4/15/2024
104,Monah,Leed,mleed2v@globo.com,Female,6/13/2024
105,Aprilette,Aspinal,aaspinal2w@eventbrite.com,Female,10/10/2024
106,Joey,Nother,jnother2x@noaa.gov,Genderfluid,8/8/2024
107,Chicky,Aughton,caughton2y@mashable.com,Female,12/24/2024
108,Elissa,Ayling,eayling2z@360.cn,Female,2/22/2025
109,Lizabeth,Le Lievre,llelievre30@tmall.com,Female,10/14/2024
110,Joel,Danjoie,jdanjoie31@desdev.cn,Male,4/20/2024
111,Sabrina,Curley,scurley32@reference.com,Female,6/9/2024
112,Lara,Hartas,lhartas33@reverbnation.com,Female,12/28/2024
113,Kyrstin,Jagiela,kjagiela34@angelfire.com,Female,5/12/2024
114,Lorant,Edelheit,ledelheit35@hubpages.com,Male,9/9/2024
115,Merrilee,Dashkov,mdashkov36@histats.com,Female,1/22/2025
116,Wheeler,Lyver,wlyver37@weibo.com,Male,11/22/2024
117,Christine,Besemer,cbesemer38@dot.gov,Female,3/30/2024
118,Trula,Abernethy,tabernethy39@google.es,Polygender,10/1/2024
119,Karie,McCome,kmccome3a@qq.com,Female,6/5/2024
120,Tibold,Paolino,tpaolino3b@plala.or.jp,Genderfluid,2/5/2025
121,Erl,Herety,eherety3c@pcworld.com,Male,4/8/2024
122,Zebadiah,Abrahim,zabrahim3d@seattletimes.com,Genderqueer,2/22/2025
123,Shelby,Dyche,sdyche3e@state.gov,Male,4/18/2024
124,Sigismond,Scranney,sscranney3f@blog.com,Male,11/29/2024
125,Marcelia,Trayton,mtrayton3g@liveinternet.ru,Female,8/13/2024
126,Broddie,Tukely,btukely3h@vkontakte.ru,Male,10/24/2024
127,Dosi,Galgey,dgalgey3i@ed.gov,Female,7/30/2024
128,Gordy,Mobley,gmobley3j@rakuten.co.jp,Agender,3/12/2024
129,Dario,Jacquemy,djacquemy3k@imgur.com,Male,10/29/2024
130,Khalil,Kolodziej,kkolodziej3l@shutterfly.com,Male,5/24/2024
131,Ernestine,Trickey,etrickey3m@redcross.org,Female,10/19/2024
132,Alvy,Gontier,agontier3n@msn.com,Male,3/11/2024
133,Bancroft,Attwool,battwool3o@toplist.cz,Male,5/10/2024
134,Ivan,Bellwood,ibellwood3p@irs.gov,Male,11/28/2024
135,Prudy,Danilyak,pdanilyak3q@sohu.com,Female,5/22/2024
136,Hazel,Codman,hcodman3r@sbwire.com,Female,9/10/2024
137,Barbra,Walsh,bwalsh3s@1und1.de,Female,4/27/2024
138,Ariel,Ogborn,aogborn3t@google.cn,Male,11/14/2024
139,Ronny,Pesticcio,rpesticcio3u@bbb.org,Male,4/15/2024
140,Riordan,Rowaszkiewicz,rrowaszkiewicz3v@discuz.net,Male,6/25/2024
141,Walker,Rubens,wrubens3w@google.fr,Male,8/25/2024
142,Burg,Trevena,btrevena3x@newyorker.com,Male,3/10/2024
143,Geoffry,Gehrtz,ggehrtz3y@time.com,Male,1/5/2025
144,Benyamin,Dyerson,bdyerson3z@umn.edu,Genderqueer,12/13/2024
145,Davina,Bennis,dbennis40@angelfire.com,Female,9/16/2024
146,Margie,Girardetti,mgirardetti41@linkedin.com,Female,3/30/2024
147,Dwight,Songust,dsongust42@geocities.com,Male,4/25/2024
148,Enrico,Loomes,eloomes43@flavors.me,Male,9/16/2024
149,Thedric,By,tby44@1und1.de,Male,11/16/2024
150,Sarene,Corbyn,scorbyn45@bloomberg.com,Female,12/8/2024
151,Naomi,Goddert.sf,ngoddertsf46@hao123.com,Female,10/25/2024
152,Abba,Bispo,abispo47@mozilla.org,Male,3/13/2024
153,Shalna,Cyples,scyples48@cdc.gov,Female,11/23/2024
154,Ginnie,Mayne,gmayne49@zdnet.com,Female,4/16/2024
155,Ches,Grandisson,cgrandisson4a@creativecommons.org,Male,7/26/2024
156,Fred,Clinkard,fclinkard4b@marriott.com,Female,4/3/2024
157,Kylynn,Breyt,kbreyt4c@deliciousdays.com,Female,2/6/2025
158,Guntar,Genthner,ggenthner4d@ucla.edu,Male,11/15/2024
159,Warden,Kaspar,wkaspar4e@com.com,Male,3/14/2024
160,Astrid,Spurman,aspurman4f@mail.ru,Female,9/17/2024
161,Cass,Farans,cfarans4g@pinterest.com,Male,12/15/2024
162,Kessia,Sandercock,ksandercock4h@sitemeter.com,Female,3/28/2024
163,Peggie,Wrigley,pwrigley4i@taobao.com,Female,2/5/2025
164,Cullen,Ramsell,cramsell4j@nydailynews.com,Male,10/19/2024
165,Lanie,Aleksich,laleksich4k@usgs.gov,Male,12/17/2024
166,Tremayne,Libermore,tlibermore4l@about.me,Male,2/4/2025
167,Shawnee,Alfonso,salfonso4m@techcrunch.com,Female,1/7/2025
168,Maxie,Kuhndel,mkuhndel4n@nymag.com,Male,6/4/2024
169,Fielding,Farncomb,ffarncomb4o@howstuffworks.com,Male,2/27/2025
170,Rose,Cradick,rcradick4p@timesonline.co.uk,Female,10/28/2024
171,Pauletta,Livingstone,plivingstone4q@japanpost.jp,Female,8/17/2024
172,Monro,Barukh,mbarukh4r@addthis.com,Male,1/15/2025
173,Karrie,Boullen,kboullen4s@csmonitor.com,Female,4/9/2024
174,Lilla,Abley,labley4t@sphinn.com,Female,1/21/2025
175,Marven,Shoveller,mshoveller4u@jalbum.net,Male,10/16/2024
176,Clevie,Phillip,cphillip4v@digg.com,Agender,6/4/2024
177,Maren,Hearnaman,mhearnaman4w@storify.com,Female,1/29/2025
178,Daryle,Drinkel,ddrinkel4x@plala.or.jp,Male,6/29/2024
179,Arlene,Itchingham,aitchingham4y@tripadvisor.com,Female,8/7/2024
180,Editha,Derycot,ederycot4z@constantcontact.com,Female,6/6/2024
181,Brittan,Meffen,bmeffen50@tripod.com,Female,6/15/2024
182,Byran,Giacubo,bgiacubo51@answers.com,Bigender,9/16/2024
183,Conn,Isack,cisack52@about.me,Male,4/11/2024
184,Ambros,Presslie,apresslie53@digg.com,Male,9/1/2024
185,Jacky,Zoane,jzoane54@yellowpages.com,Non-binary,10/12/2024
186,Joceline,Houlworth,jhoulworth55@aboutads.info,Female,2/17/2025
187,Georgeta,Hollyland,ghollyland56@blogs.com,Female,4/25/2024
188,Tess,Rauprich,trauprich57@weibo.com,Female,11/1/2024
189,Kale,Jewster,kjewster58@npr.org,Male,8/6/2024
190,Marjy,Tripony,mtripony59@ocn.ne.jp,Female,8/5/2024
191,Porty,Pothbury,ppothbury5a@photobucket.com,Male,2/6/2025
192,Hayes,Filippucci,hfilippucci5b@ted.com,Male,1/21/2025
193,Nanni,Trayes,ntrayes5c@indiegogo.com,Polygender,6/29/2024
194,Ellary,Itzcovichch,eitzcovichch5d@lulu.com,Male,6/11/2024
195,Ruy,Dicky,rdicky5e@alexa.com,Male,8/1/2024
196,Brady,Aldrin,baldrin5f@a8.net,Male,6/24/2024
197,Dannye,Tooley,dtooley5g@dropbox.com,Female,12/31/2024
198,Deva,Coxall,dcoxall5h@hao123.com,Female,5/31/2024
199,Brenna,Still,bstill5i@pinterest.com,Female,11/24/2024
200,Oliver,Freezor,ofreezor5j@ehow.com,Non-binary,5/22/2024
201,Roy,Andri,randri5k@paypal.com,Male,6/28/2024
202,Adelice,Schuler,aschuler5l@bandcamp.com,Female,10/25/2024
203,Boonie,Iacovacci,biacovacci5m@dell.com,Male,4/20/2024
204,Gunther,Powlett,gpowlett5n@msn.com,Male,1/7/2025
205,Mary,McKeller,mmckeller5o@wikimedia.org,Female,9/14/2024
206,Barnard,Rudram,brudram5p@surveymonkey.com,Male,12/24/2024
207,Dun,Aynold,daynold5q@accuweather.com,Male,5/28/2024
208,Cal,Boyne,cboyne5r@google.com.au,Female,4/18/2024
209,Alleen,Levinge,alevinge5s@tuttocitta.it,Female,12/9/2024
210,Owen,Tripney,otripney5t@who.int,Male,3/30/2024
211,Carling,Daouze,cdaouze5u@studiopress.com,Male,3/29/2024
212,Gaston,Tax,gtax5v@sfgate.com,Male,3/28/2024
213,Concettina,Bowlesworth,cbowlesworth5w@wired.com,Female,1/10/2025
214,Hasty,Zanettini,hzanettini5x@aol.com,Male,10/26/2024
215,Mehetabel,Brandoni,mbrandoni5y@intel.com,Female,11/3/2024
216,Nan,Lideard,nlideard5z@stumbleupon.com,Polygender,6/23/2024
217,Marga,Meltetal,mmeltetal60@people.com.cn,Female,6/7/2024
218,Hubey,Myrkus,hmyrkus61@unblog.fr,Male,4/5/2024
219,Corabel,Bullar,cbullar62@tinyurl.com,Female,12/17/2024
220,Francesco,Pellitt,fpellitt63@nih.gov,Male,7/28/2024
221,Panchito,Castle,pcastle64@163.com,Male,5/28/2024
222,Josefa,Scotfurth,jscotfurth65@studiopress.com,Genderqueer,1/8/2025
223,Camella,Mathevon,cmathevon66@unblog.fr,Genderfluid,3/12/2024
224,Benedicta,Kyd,bkyd67@google.fr,Agender,10/30/2024
225,Daria,Hayles,dhayles68@aboutads.info,Genderqueer,6/14/2024
226,Penny,Farmar,pfarmar69@princeton.edu,Male,10/17/2024
227,Symon,Ramberg,sramberg6a@pbs.org,Male,6/14/2024
228,Xena,Long,xlong6b@bizjournals.com,Female,3/1/2025
229,Lawton,Bacop,lbacop6c@nationalgeographic.com,Male,1/17/2025
230,Hesther,Mapp,hmapp6d@foxnews.com,Female,5/6/2024
231,Curt,Draaisma,cdraaisma6e@nasa.gov,Male,7/5/2024
232,Ruby,Hedlestone,rhedlestone6f@tinyurl.com,Male,6/11/2024
233,Itch,Yakobowitz,iyakobowitz6g@t-online.de,Genderfluid,5/4/2024
234,Hermon,Stuttman,hstuttman6h@salon.com,Male,9/19/2024
235,Issiah,Kezourec,ikezourec6i@facebook.com,Male,7/28/2024
236,Stormie,Lory,slory6j@skype.com,Female,4/29/2024
237,Giraud,Moxstead,gmoxstead6k@webmd.com,Male,3/31/2024
238,Robbi,Amorts,ramorts6l@alibaba.com,Female,6/9/2024
239,Kaycee,Dowers,kdowers6m@yellowbook.com,Genderfluid,10/3/2024
240,Babita,Tremlett,btremlett6n@hc360.com,Agender,4/16/2024
241,West,Lotte,wlotte6o@vk.com,Male,6/7/2024
242,Harry,Theodoris,htheodoris6p@google.co.jp,Male,2/16/2025
243,Berk,Hazeldine,bhazeldine6q@tmall.com,Male,3/13/2024
244,Jaymie,Ettery,jettery6r@princeton.edu,Male,6/25/2024
245,Leonore,Mucklow,lmucklow6s@twitter.com,Female,7/3/2024
246,Charisse,Trobridge,ctrobridge6t@samsung.com,Non-binary,9/12/2024
247,Nollie,Wilkin,nwilkin6u@yellowpages.com,Genderqueer,5/14/2024
248,Currie,Christauffour,cchristauffour6v@amazon.co.jp,Male,2/23/2025
249,Arvin,Clyne,aclyne6w@bbb.org,Male,5/29/2024
250,Savina,Cockley,scockley6x@chronoengine.com,Female,1/19/2025
251,Appolonia,Dilgarno,adilgarno6y@dailymail.co.uk,Female,9/1/2024
252,Parke,Hance,phance6z@google.co.jp,Male,9/8/2024
253,Arlan,Falkous,afalkous70@whitehouse.gov,Genderfluid,12/19/2024
254,Tandy,Attoc,tattoc71@google.fr,Bigender,7/5/2024
255,Renard,Castaner,rcastaner72@behance.net,Male,7/31/2024
256,Shir,Youens,syouens73@ed.gov,Female,7/4/2024
257,Tildi,Buist,tbuist74@bbc.co.uk,Female,6/9/2024
258,Estell,Hissie,ehissie75@com.com,Female,2/10/2025
259,Ximenez,Nisen,xnisen76@statcounter.com,Male,3/8/2024
260,Callean,Torritti,ctorritti77@imageshack.us,Bigender,5/12/2024
261,Lindsy,Overstall,loverstall78@bing.com,Female,6/5/2024
262,Danila,Ditts,dditts79@w3.org,Female,11/13/2024
263,Ariela,Chippendale,achippendale7a@boston.com,Female,5/31/2024
264,Basia,Bigly,bbigly7b@ebay.co.uk,Female,11/5/2024
265,Gabi,Farenden,gfarenden7c@comcast.net,Male,12/1/2024
266,Morgen,Groveham,mgroveham7d@360.cn,Bigender,5/7/2024
267,Lemar,Kleine,lkleine7e@earthlink.net,Male,4/24/2024
268,Violante,Golda,vgolda7f@hugedomains.com,Female,11/13/2024
269,Lorinda,Dethloff,ldethloff7g@imdb.com,Agender,7/5/2024
270,Lowrance,Killford,lkillford7h@theatlantic.com,Male,10/9/2024
271,Alica,Sharpley,asharpley7i@xinhuanet.com,Female,7/5/2024
272,Debbi,Pyke,dpyke7j@newsvine.com,Female,10/5/2024
273,Curcio,Caccavari,ccaccavari7k@foxnews.com,Male,12/8/2024
274,Malina,Futty,mfutty7l@state.gov,Bigender,4/10/2024
275,Karna,Kaygill,kkaygill7m@soundcloud.com,Female,9/25/2024
276,Carleen,Baszniak,cbaszniak7n@google.com,Female,1/12/2025
277,Maurie,Kubelka,mkubelka7o@ebay.com,Genderfluid,3/19/2024
278,Romona,Ragdale,rragdale7p@pen.io,Female,2/25/2025
279,Wilmar,Arangy,warangy7q@123-reg.co.uk,Male,12/24/2024
280,Brittaney,Mc Giffin,bmcgiffin7r@netvibes.com,Genderfluid,12/29/2024
281,Lester,Toseland,ltoseland7s@cocolog-nifty.com,Male,3/13/2024
282,Emmit,Eatock,eeatock7t@livejournal.com,Male,12/8/2024
283,Rachel,Ickowicz,rickowicz7u@upenn.edu,Female,6/29/2024
284,Othella,Alfonzo,oalfonzo7v@bloglines.com,Female,7/28/2024
285,Erena,Vincent,evincent7w@plala.or.jp,Female,8/23/2024
286,Josias,Skin,jskin7x@ovh.net,Male,8/29/2024
287,Thelma,Berthe,tberthe7y@google.de,Female,2/4/2025
288,Glennis,Portail,gportail7z@sakura.ne.jp,Female,7/23/2024
289,Karoly,Nickerson,knickerson80@globo.com,Male,8/14/2024
290,Candie,Sier,csier81@chicagotribune.com,Female,12/9/2024
291,Emmott,Diggles,ediggles82@ifeng.com,Male,7/25/2024
292,Morrie,Greber,mgreber83@nature.com,Male,7/3/2024
293,Fionna,Henriques,fhenriques84@blogtalkradio.com,Female,10/21/2024
294,Heath,Tuminini,htuminini85@i2i.jp,Female,3/10/2024
295,Yasmin,Wrassell,ywrassell86@narod.ru,Bigender,3/8/2024
296,Leelah,Komorowski,lkomorowski87@dropbox.com,Female,1/17/2025
297,Cordey,Habeshaw,chabeshaw88@cbsnews.com,Female,9/17/2024
298,Harrie,Angus,hangus89@shinystat.com,Female,2/13/2025
299,Marita,Deam,mdeam8a@irs.gov,Female,5/22/2024
300,Trumaine,Aujouanet,taujouanet8b@yahoo.co.jp,Genderfluid,9/25/2024
301,Hettie,Snoddon,hsnoddon8c@typepad.com,Female,4/20/2024
302,Cordi,Boissieux,cboissieux8d@vkontakte.ru,Female,12/15/2024
303,Fawn,McEvon,fmcevon8e@japanpost.jp,Female,12/12/2024
304,Ailene,Gair,agair8f@columbia.edu,Female,9/3/2024
305,Scottie,Kliemchen,skliemchen8g@tamu.edu,Male,4/27/2024
306,Garrot,Pomery,gpomery8h@aol.com,Non-binary,7/30/2024
307,Ike,Toombs,itoombs8i@woothemes.com,Male,7/11/2024
308,Felicdad,McLarnon,fmclarnon8j@vkontakte.ru,Female,1/14/2025
309,Aldrich,Ledford,aledford8k@zdnet.com,Male,10/15/2024
310,Garald,O'Devey,godevey8l@usnews.com,Male,6/25/2024
311,Kathye,Tomkys,ktomkys8m@google.cn,Polygender,6/3/2024
312,Grenville,Janodet,gjanodet8n@51.la,Male,11/27/2024
313,Ashlee,Tetla,atetla8o@wikia.com,Female,3/22/2024
314,Edmund,Dislee,edislee8p@prnewswire.com,Male,8/31/2024
315,Dennet,Canacott,dcanacott8q@hostgator.com,Male,5/30/2024
316,Margery,Branson,mbranson8r@abc.net.au,Female,10/1/2024
317,Rock,Skrines,rskrines8s@bloglovin.com,Male,3/8/2024
318,Janice,Pacquet,jpacquet8t@gov.uk,Female,9/8/2024
319,Margi,Ruse,mruse8u@spotify.com,Female,12/7/2024
320,Dell,Buckler,dbuckler8v@baidu.com,Male,6/12/2024
321,Katharine,Yegorshin,kyegorshin8w@blog.com,Female,5/28/2024
322,Ignace,Drache,idrache8x@blogtalkradio.com,Male,11/30/2024
323,Manfred,Gianotti,mgianotti8y@ifeng.com,Male,7/14/2024
324,Rena,Connar,rconnar8z@edublogs.org,Female,9/12/2024
325,Rosina,Ellacott,rellacott90@artisteer.com,Female,6/16/2024
326,Fanni,Castellino,fcastellino91@ihg.com,Female,3/23/2024
327,Sven,Cottell,scottell92@amazon.co.jp,Male,9/4/2024
328,Richard,Code,rcode93@umich.edu,Male,2/7/2025
329,Hewett,Clues,hclues94@ox.ac.uk,Male,1/12/2025
330,Anissa,Weadick,aweadick95@meetup.com,Female,8/9/2024
331,Sunny,Bangley,sbangley96@prlog.org,Male,10/10/2024
332,Megan,Guenther,mguenther97@vk.com,Female,3/2/2024
333,Vinnie,Adamowitz,vadamowitz98@huffingtonpost.com,Male,9/27/2024
334,Hyacinthe,Gert,hgert99@youku.com,Female,6/11/2024
335,See,Bowater,sbowater9a@fastcompany.com,Male,9/2/2024
336,Ethelred,Dunbobin,edunbobin9b@icq.com,Male,11/22/2024
337,Dee dee,Sealeaf,dsealeaf9c@friendfeed.com,Female,10/12/2024
338,Lusa,Wakes,lwakes9d@newyorker.com,Female,11/25/2024
339,Rudy,Wibrow,rwibrow9e@mtv.com,Male,11/28/2024
340,Claudius,Faires,cfaires9f@webs.com,Male,12/1/2024
341,Luce,Chieze,lchieze9g@fotki.com,Male,4/29/2024
342,Ivy,Critchley,icritchley9h@theatlantic.com,Female,9/26/2024
343,Anatol,Linley,alinley9i@nps.gov,Male,5/12/2024
344,Kristy,Feldbaum,kfeldbaum9j@disqus.com,Female,9/16/2024
345,Barnaby,Hellmer,bhellmer9k@fc2.com,Male,4/14/2024
346,Benito,Simonite,bsimonite9l@acquirethisname.com,Male,7/8/2024
347,Darcie,Duffill,dduffill9m@tripod.com,Female,10/13/2024
348,Hyacinth,Kiellor,hkiellor9n@issuu.com,Female,12/4/2024
349,Maia,Matyugin,mmatyugin9o@dagondesign.com,Female,6/13/2024
350,Malina,Flips,mflips9p@youku.com,Female,7/18/2024
351,Marysa,Heersema,mheersema9q@globo.com,Female,11/5/2024
352,Sharon,Clibbery,sclibbery9r@mtv.com,Female,7/30/2024
353,Elna,Macklin,emacklin9s@hibu.com,Female,3/12/2024
354,Adamo,Sedgeman,asedgeman9t@example.com,Male,3/19/2024
355,Hew,Blundin,hblundin9u@mtv.com,Male,6/27/2024
356,Marylee,Haskell,mhaskell9v@feedburner.com,Female,1/18/2025
357,Olav,D'Orsay,odorsay9w@ifeng.com,Male,9/13/2024
358,Boot,Norwich,bnorwich9x@pinterest.com,Male,2/23/2025
359,Veriee,Brinkworth,vbrinkworth9y@symantec.com,Female,9/28/2024
360,Delcina,Catteroll,dcatteroll9z@squarespace.com,Female,3/22/2024
361,Karalee,Rolfini,krolfinia0@amazon.co.uk,Female,7/7/2024
362,Luelle,Durnill,ldurnilla1@wikipedia.org,Female,3/24/2024
363,Simmonds,Kirkham,skirkhama2@google.com.br,Male,6/24/2024
364,Kevina,Inchboard,kinchboarda3@alibaba.com,Female,3/12/2024
365,Hastings,Coulthart,hcoultharta4@dyndns.org,Male,2/26/2025
366,Claudine,Mazzei,cmazzeia5@google.co.uk,Female,9/3/2024
367,Darla,Vergine,dverginea6@ebay.com,Female,5/6/2024
368,Tracie,Naisby,tnaisbya7@gov.uk,Female,12/11/2024
369,Nancee,Liveing,nliveinga8@blog.com,Female,5/8/2024
370,Burg,Badman,bbadmana9@dot.gov,Male,2/12/2025
371,Cyb,Batte,cbatteaa@weebly.com,Female,1/9/2025
372,Eugen,Winear,ewinearab@w3.org,Male,9/3/2024
373,Anthea,Howselee,ahowseleeac@google.com.br,Female,2/5/2025
374,Ezmeralda,Hardcastle,ehardcastlead@jiathis.com,Female,9/8/2024
375,Esmeralda,Blowes,eblowesae@chron.com,Female,8/28/2024
376,Giffer,Weetch,gweetchaf@youtu.be,Male,7/6/2024
377,Cal,Booth,cboothag@stumbleupon.com,Male,5/16/2024
378,Virgie,Comello,vcomelloah@php.net,Male,7/25/2024
379,Lesly,Ebbrell,lebbrellai@nydailynews.com,Female,2/21/2025
380,Sarge,Vant,svantaj@samsung.com,Male,8/14/2024
381,Lorne,Crangle,lcrangleak@unblog.fr,Male,3/29/2024
382,Berton,Pulhoster,bpulhosteral@comcast.net,Male,12/24/2024
383,Janine,Lambotin,jlambotinam@networksolutions.com,Female,1/11/2025
384,Dori,MacGille,dmacgillean@rambler.ru,Female,1/9/2025
385,Eddi,Aggs,eaggsao@twitpic.com,Genderfluid,3/6/2024
386,Edwin,Duchart,educhartap@freewebs.com,Male,3/25/2024
387,Law,Thirsk,lthirskaq@usnews.com,Male,9/27/2024
388,Ninon,Beere,nbeerear@uiuc.edu,Female,7/19/2024
389,Pammie,Goalley,pgoalleyas@seattletimes.com,Female,8/26/2024
390,Gasparo,Mossbee,gmossbeeat@nydailynews.com,Male,4/2/2024
391,Avivah,Lepope,alepopeau@reference.com,Female,11/24/2024
392,Fergus,Matschoss,fmatschossav@ca.gov,Male,6/12/2024
393,Yetty,Fleckno,yflecknoaw@etsy.com,Female,4/19/2024
394,Siffre,Carletti,scarlettiax@friendfeed.com,Male,12/7/2024
395,Stanwood,Sprigging,sspriggingay@mediafire.com,Male,4/12/2024
396,Woodrow,Gonzalvo,wgonzalvoaz@blog.com,Male,3/21/2024
397,Cesare,Hryncewicz,chryncewiczb0@ycombinator.com,Male,7/15/2024
398,Clementia,Wallsam,cwallsamb1@hhs.gov,Female,4/18/2024
399,Base,Kochel,bkochelb2@ebay.com,Male,9/13/2024
400,Aguste,Lamzed,alamzedb3@utexas.edu,Male,8/19/2024
401,Griff,Gonnely,ggonnelyb4@creativecommons.org,Male,5/5/2024
402,Elle,Letcher,eletcherb5@networkadvertising.org,Female,5/1/2024
403,Murry,Splain,msplainb6@huffingtonpost.com,Male,2/24/2025
404,Nikolaus,Hagart,nhagartb7@sourceforge.net,Male,3/16/2024
405,Misha,Conachy,mconachyb8@twitpic.com,Female,5/29/2024
406,Frazer,Beurich,fbeurichb9@flickr.com,Male,9/19/2024
407,Loraine,Glinde,lglindeba@scientificamerican.com,Female,10/21/2024
408,Jewelle,Gillson,jgillsonbb@bbb.org,Female,5/8/2024
409,Evey,Leeder,eleederbc@webnode.com,Female,7/18/2024
410,Brooke,Wedgbrow,bwedgbrowbd@umn.edu,Male,6/2/2024
411,Jinny,Juggins,jjugginsbe@1und1.de,Female,7/16/2024
412,Dedie,Mariault,dmariaultbf@is.gd,Female,2/18/2025
413,Wynn,Coggell,wcoggellbg@spiegel.de,Genderfluid,9/28/2024
414,Westbrook,Dunton,wduntonbh@reuters.com,Agender,10/26/2024
415,Moritz,Maskall,mmaskallbi@weather.com,Male,6/18/2024
416,Mason,Burbury,mburburybj@cam.ac.uk,Male,5/16/2024
417,Shadow,Silvers,ssilversbk@so-net.ne.jp,Male,8/23/2024
418,Brit,Oosthout de Vree,boosthoutdevreebl@sourceforge.net,Female,7/9/2024
419,Mirabel,Berka,mberkabm@myspace.com,Female,7/11/2024
420,Rosabelle,Brinkley,rbrinkleybn@last.fm,Female,12/12/2024
421,Fairlie,Talboy,ftalboybo@51.la,Male,12/19/2024
422,Rodney,Ellwell,rellwellbp@infoseek.co.jp,Male,2/28/2025
423,Alanna,Patershall,apatershallbq@cdbaby.com,Female,12/1/2024
424,Rossy,Sollime,rsollimebr@jiathis.com,Bigender,5/4/2024
425,Lauren,Acory,lacorybs@usatoday.com,Male,5/12/2024
426,Quincy,Grenshields,qgrenshieldsbt@wix.com,Male,4/13/2024
427,Stefa,Denziloe,sdenziloebu@amazonaws.com,Female,3/30/2024
428,Ruttger,Theodore,rtheodorebv@hibu.com,Male,12/7/2024
429,Leonard,Triplet,ltripletbw@blogger.com,Male,5/16/2024
430,Lucretia,Stiegers,lstiegersbx@topsy.com,Female,3/23/2024
431,Hollie,Cromb,hcrombby@diigo.com,Female,5/15/2024
432,Flore,Schriren,fschrirenbz@printfriendly.com,Female,3/15/2024
433,Cal,Giabuzzi,cgiabuzzic0@nba.com,Female,11/28/2024
434,Gertrudis,Drayton,gdraytonc1@cnbc.com,Female,4/20/2024
435,Timothee,Isakov,tisakovc2@wordpress.com,Male,2/12/2025
436,Isabeau,Broseman,ibrosemanc3@tamu.edu,Female,7/2/2024
437,Ashil,Aldwich,aaldwichc4@java.com,Genderfluid,11/20/2024
438,Edgard,Schulken,eschulkenc5@pbs.org,Male,3/7/2024
439,Tan,Shead,tsheadc6@marketwatch.com,Male,11/26/2024
440,Glenden,Meldrum,gmeldrumc7@dmoz.org,Male,10/13/2024
441,Meredithe,Cearley,mcearleyc8@hatena.ne.jp,Female,8/22/2024
442,Shell,Cackett,scackettc9@geocities.jp,Female,2/26/2025
443,Teddie,Grindley,tgrindleyca@va.gov,Male,12/25/2024
444,Jonathon,Etteridge,jetteridgecb@goo.ne.jp,Male,6/12/2024
445,Gannon,Boyet,gboyetcc@cdc.gov,Male,10/9/2024
446,Waly,Buntain,wbuntaincd@devhub.com,Female,7/7/2024
447,Lita,Abramow,labramowce@npr.org,Female,12/13/2024
448,Lora,Schneidau,lschneidaucf@ehow.com,Female,5/26/2024
449,Fonsie,Drover,fdrovercg@indiatimes.com,Male,5/8/2024
450,Corene,Olliar,colliarch@smh.com.au,Female,5/10/2024
451,Emmerich,Gunson,egunsonci@imgur.com,Male,7/1/2024
452,Tedda,Ivakhnov,tivakhnovcj@pcworld.com,Female,1/3/2025
453,Blinni,Demchen,bdemchenck@diigo.com,Genderqueer,9/12/2024
454,Bill,Iorillo,biorillocl@dyndns.org,Female,2/8/2025
455,Orville,Pfaffel,opfaffelcm@economist.com,Non-binary,5/23/2024
456,Dara,Regorz,dregorzcn@netscape.com,Female,7/28/2024
457,Mala,Rabjohns,mrabjohnsco@flickr.com,Female,12/17/2024
458,Saw,Jaffra,sjaffracp@cisco.com,Male,1/17/2025
459,Sarina,Dwelly,sdwellycq@meetup.com,Female,12/19/2024
460,Chrisy,Witcherley,cwitcherleycr@usa.gov,Male,3/28/2024
461,Laure,Ketton,lkettoncs@51.la,Female,1/20/2025
462,Townsend,Mocquer,tmocquerct@vimeo.com,Male,11/26/2024
463,Korey,Cockson,kcocksoncu@businesswire.com,Male,4/28/2024
464,Rodie,Cota,rcotacv@yahoo.com,Female,2/5/2025
465,Milena,Kahler,mkahlercw@lulu.com,Polygender,11/22/2024
466,Haily,Tyers,htyerscx@huffingtonpost.com,Male,6/18/2024
467,Stearne,Randales,srandalescy@mac.com,Male,4/28/2024
468,Westley,Allberry,wallberrycz@home.pl,Male,4/5/2024
469,Tamas,Dunridge,tdunridged0@prnewswire.com,Male,2/28/2025
470,Simone,Penkman,spenkmand1@meetup.com,Genderqueer,10/13/2024
471,Hilton,Diamond,hdiamondd2@live.com,Male,6/2/2024
472,Fleur,Roberti,frobertid3@jimdo.com,Female,10/2/2024
473,Lavena,Yakhin,lyakhind4@twitpic.com,Agender,3/5/2024
474,Jacquelyn,Kerswell,jkerswelld5@networkadvertising.org,Female,3/10/2024
475,Sauncho,Gillis,sgillisd6@pbs.org,Bigender,9/23/2024
476,Matt,Loads,mloadsd7@canalblog.com,Male,10/8/2024
477,Filippo,McCutcheon,fmccutcheond8@apple.com,Male,12/6/2024
478,Gizela,Cribbin,gcribbind9@usnews.com,Female,5/15/2024
479,Larisa,Kenwell,lkenwellda@illinois.edu,Female,4/4/2024
480,Audi,Harborow,aharborowdb@twitter.com,Female,12/5/2024
481,Dru,Crew,dcrewdc@w3.org,Male,8/16/2024
482,Kaleb,McKellen,kmckellendd@businessweek.com,Male,4/20/2024
483,Rooney,Ashman,rashmande@last.fm,Male,8/7/2024
484,Sergei,O'Grogane,sogroganedf@quantcast.com,Male,2/19/2025
485,Scotty,Lovie,sloviedg@slideshare.net,Male,2/27/2025
486,Torin,Collin,tcollindh@thetimes.co.uk,Male,4/6/2024
487,Gabriella,McCulloch,gmccullochdi@feedburner.com,Genderqueer,12/9/2024
488,Bartholomew,Drayson,bdraysondj@netlog.com,Male,12/11/2024
489,Rudolf,Elmhirst,relmhirstdk@kickstarter.com,Male,1/25/2025
490,Lothaire,Mouget,lmougetdl@yellowbook.com,Male,6/16/2024
491,Phillie,Lafond,plafonddm@ow.ly,Female,3/3/2024
492,Roderic,Haestier,rhaestierdn@devhub.com,Male,1/18/2025
493,Dennison,Hellcat,dhellcatdo@earthlink.net,Male,1/29/2025
494,Andree,Vigneron,avignerondp@networkadvertising.org,Female,8/10/2024
495,Aile,Hickeringill,ahickeringilldq@themeforest.net,Female,12/1/2024
496,Terrie,Spehr,tspehrdr@vinaora.com,Female,3/1/2025
497,Reube,Antley,rantleyds@booking.com,Bigender,7/31/2024
498,Juana,Braywood,jbraywooddt@twitpic.com,Female,2/13/2025
499,Zebulon,Ginn,zginndu@amazon.co.uk,Male,5/20/2024
500,Averill,Hallaways,ahallawaysdv@cbslocal.com,Male,12/21/2024
501,Serene,Emberton,sembertondw@hud.gov,Female,2/4/2025
502,Eldon,Gioan,egioandx@google.co.jp,Male,8/30/2024
503,Gualterio,Carnell,gcarnelldy@canalblog.com,Male,8/9/2024
504,Isahella,Bountiff,ibountiffdz@fema.gov,Genderqueer,5/22/2024
505,Frankie,McAllen,fmcallene0@amazon.com,Male,5/31/2024
506,Pascal,Dewan,pdewane1@army.mil,Male,9/16/2024
507,Christoper,Sebright,csebrighte2@bravesites.com,Male,6/11/2024
508,Jimmy,Mac,jmace3@cdc.gov,Male,8/3/2024
509,Allyson,Birtwhistle,abirtwhistlee4@blogspot.com,Female,7/29/2024
510,Ebenezer,Cursey,ecurseye5@hc360.com,Male,7/30/2024
511,Nye,Castagnasso,ncastagnassoe6@posterous.com,Male,6/28/2024
512,Lynn,Fronzek,lfronzeke7@harvard.edu,Female,8/5/2024
513,Flory,Camilleri,fcamillerie8@gmpg.org,Male,6/30/2024
514,Alphonso,Morten,amortene9@alibaba.com,Male,10/31/2024
515,Jillayne,Heersema,jheersemaea@tumblr.com,Female,4/18/2024
516,Amelina,Jeppensen,ajeppenseneb@shop-pro.jp,Polygender,6/21/2024
517,Conroy,Isgar,cisgarec@deliciousdays.com,Male,5/14/2024
518,Brunhilde,Inkpen,binkpened@symantec.com,Female,3/30/2024
519,Bernete,Lunt,bluntee@purevolume.com,Female,11/27/2024
520,Allistir,Dowell,adowellef@tinyurl.com,Male,5/30/2024
521,Nicki,Brosoli,nbrosolieg@europa.eu,Female,1/22/2025
522,Dedra,Nordass,dnordasseh@qq.com,Female,6/23/2024
523,Bink,Jozsika,bjozsikaei@noaa.gov,Male,12/3/2024
524,Sanders,Champain,schampainej@alexa.com,Male,12/3/2024
525,Lacy,Hauger,lhaugerek@hatena.ne.jp,Female,9/21/2024
526,Corbin,Musslewhite,cmusslewhiteel@howstuffworks.com,Male,8/28/2024
527,Orson,Vane,ovaneem@wufoo.com,Male,6/10/2024
528,Kile,Lotte,klotteen@indiatimes.com,Male,11/30/2024
529,Talya,Meran,tmeraneo@google.de,Female,8/14/2024
530,Tanhya,Prendeguest,tprendeguestep@yahoo.com,Female,4/7/2024
531,Petronia,Reveland,prevelandeq@artisteer.com,Female,11/23/2024
532,Galvan,O'Lennane,golennaneer@yelp.com,Male,6/30/2024
533,Burl,Frichley,bfrichleyes@state.tx.us,Male,4/21/2024
534,Milicent,Arnli,marnliet@seesaa.net,Genderqueer,4/15/2024
535,Donnamarie,Alcorn,dalcorneu@nsw.gov.au,Female,2/15/2025
536,Marie,Catherine,mcatherineev@last.fm,Female,1/14/2025
537,Shane,Nunson,snunsonew@cbsnews.com,Male,11/15/2024
538,Jerrome,Spurway,jspurwayex@dyndns.org,Genderfluid,1/26/2025
539,Levy,Gayden,lgaydeney@networksolutions.com,Male,6/2/2024
540,Orren,Molineux,omolineuxez@trellian.com,Genderqueer,5/2/2024
541,Galina,Hatfield,ghatfieldf0@163.com,Female,10/2/2024
542,Josias,Sloey,jsloeyf1@ehow.com,Male,4/19/2024
543,Cos,Borit,cboritf2@youtu.be,Male,10/23/2024
544,Mord,Brazier,mbrazierf3@woothemes.com,Genderfluid,6/22/2024
545,Ursuline,Wicher,uwicherf4@bbb.org,Female,9/1/2024
546,Hermie,Britzius,hbritziusf5@google.nl,Male,4/5/2024
547,Lauri,Brazer,lbrazerf6@cloudflare.com,Female,11/22/2024
548,Hasty,Hinkley,hhinkleyf7@npr.org,Male,2/1/2025
549,Bobbe,Cortnay,bcortnayf8@thetimes.co.uk,Female,8/1/2024
550,Kendrick,Wewell,kwewellf9@instagram.com,Male,1/13/2025
551,Nara,Romayn,nromaynfa@mozilla.org,Female,6/8/2024
552,Hartwell,Suche,hsuchefb@artisteer.com,Male,11/21/2024
553,Phedra,Tancock,ptancockfc@booking.com,Female,2/28/2025
554,Sherill,Yeardley,syeardleyfd@mysql.com,Female,1/25/2025
555,Tiff,Kraft,tkraftfe@comcast.net,Female,2/2/2025
556,Chrissie,Sarjent,csarjentff@redcross.org,Male,1/26/2025
557,Corry,Oseland,coselandfg@hc360.com,Female,7/20/2024
558,Tobias,Dobbings,tdobbingsfh@google.es,Male,8/24/2024
559,Elizabeth,Erbain,eerbainfi@spiegel.de,Female,3/11/2024
560,Norbert,Alvarado,nalvaradofj@sciencedirect.com,Male,10/5/2024
561,Byrle,Works,bworksfk@mediafire.com,Male,3/24/2024
562,Curr,Culverhouse,cculverhousefl@cornell.edu,Male,3/24/2024
563,Danny,McNeigh,dmcneighfm@dropbox.com,Male,6/1/2024
564,Cori,Morrell,cmorrellfn@blog.com,Male,11/29/2024
565,Neale,Camelli,ncamellifo@sfgate.com,Male,1/4/2025
566,Mischa,Pask,mpaskfp@vk.com,Male,7/20/2024
567,Brose,Deane,bdeanefq@dropbox.com,Male,12/1/2024
568,Rozalie,Cuss,rcussfr@buzzfeed.com,Agender,5/22/2024
569,Luci,Yurkov,lyurkovfs@mtv.com,Female,1/8/2025
570,Gerrilee,Gemnett,ggemnettft@constantcontact.com,Female,8/7/2024
571,Amalle,Caisley,acaisleyfu@reddit.com,Female,6/3/2024
572,Meir,Silson,msilsonfv@weather.com,Male,4/9/2024
573,Ruggiero,Sinkings,rsinkingsfw@fema.gov,Male,11/26/2024
574,Michael,Ellwell,mellwellfx@census.gov,Male,7/5/2024
575,Allard,Monckman,amonckmanfy@simplemachines.org,Genderfluid,3/24/2024
576,Bondon,Hagstone,bhagstonefz@google.fr,Male,10/21/2024
577,Ethan,McGowing,emcgowingg0@unblog.fr,Male,1/21/2025
578,Marvin,Saunders,msaundersg1@bing.com,Male,2/5/2025
579,Martyn,Baudon,mbaudong2@ucsd.edu,Male,12/29/2024
580,Bari,McFetrich,bmcfetrichg3@last.fm,Female,11/22/2024
581,Margalit,Haney,mhaneyg4@reuters.com,Female,8/22/2024
582,Arther,Feveryear,afeveryearg5@ucla.edu,Male,5/6/2024
583,Winny,Bryenton,wbryentong6@bigcartel.com,Female,2/14/2025
584,Rickert,Coot,rcootg7@nih.gov,Male,9/12/2024
585,Aveline,Grigoriscu,agrigoriscug8@skyrock.com,Female,8/27/2024
586,Osmond,Itzkovici,oitzkovicig9@bbb.org,Bigender,3/31/2024
587,Ardisj,Rourke,arourkega@noaa.gov,Female,10/29/2024
588,Carver,Clitsome,cclitsomegb@businessweek.com,Male,11/10/2024
589,Eleanora,Gallymore,egallymoregc@icq.com,Female,10/19/2024
590,Lacie,Carrodus,lcarrodusgd@census.gov,Female,2/25/2025
591,Harmony,Hearons,hhearonsge@jiathis.com,Female,3/27/2024
592,Deina,McDougall,dmcdougallgf@mysql.com,Female,1/7/2025
593,Roderic,Weddell,rweddellgg@weebly.com,Male,1/8/2025
594,Earl,Bode,ebodegh@archive.org,Male,1/27/2025
595,Guillaume,Dwerryhouse,gdwerryhousegi@mac.com,Male,9/29/2024
596,Reeta,Bollands,rbollandsgj@naver.com,Genderfluid,3/14/2024
597,Tammy,Brambill,tbrambillgk@meetup.com,Male,2/2/2025
598,Corie,Sylvester,csylvestergl@privacy.gov.au,Female,5/31/2024
599,Cornela,Scamadine,cscamadinegm@admin.ch,Genderqueer,8/6/2024
600,Taite,Ruddock,truddockgn@netvibes.com,Polygender,10/15/2024
601,Brook,Cleaveland,bcleavelandgo@indiatimes.com,Female,1/6/2025
602,Janos,Bagley,jbagleygp@icio.us,Male,10/11/2024
603,Margarethe,Phant,mphantgq@senate.gov,Female,12/25/2024
604,Luce,Manton,lmantongr@thetimes.co.uk,Female,11/27/2024
605,Sylvester,Nowland,snowlandgs@icq.com,Male,9/21/2024
606,Veronika,Crush,vcrushgt@sina.com.cn,Female,12/21/2024
607,Shelli,Bernardot,sbernardotgu@chron.com,Female,3/9/2024
608,Sharleen,Renshell,srenshellgv@mtv.com,Female,4/26/2024
609,Murdoch,Odgers,modgersgw@nationalgeographic.com,Male,6/30/2024
610,Nigel,Bonnick,nbonnickgx@stumbleupon.com,Male,7/9/2024
611,Ban,Haggerty,bhaggertygy@dedecms.com,Polygender,1/6/2025
612,Aldon,Adamczyk,aadamczykgz@bbb.org,Male,8/30/2024
613,Wayne,Arnott,warnotth0@businessinsider.com,Male,10/9/2024
614,Colet,McClunaghan,cmcclunaghanh1@wisc.edu,Male,3/11/2024
615,Keene,Fairlem,kfairlemh2@usatoday.com,Male,3/9/2024
616,Wakefield,Peasgood,wpeasgoodh3@prnewswire.com,Male,5/6/2024
617,Hadlee,Prahl,hprahlh4@alibaba.com,Male,2/4/2025
618,Marigold,Offill,moffillh5@usa.gov,Female,11/17/2024
619,Hal,Gouley,hgouleyh6@lycos.com,Male,5/21/2024
620,Donavon,McIlroy,dmcilroyh7@hibu.com,Male,7/28/2024
621,Ernesto,Bauser,ebauserh8@lulu.com,Male,4/11/2024
622,Carlee,Olivet,coliveth9@google.fr,Female,8/28/2024
623,Waylan,Reeks,wreeksha@eventbrite.com,Male,8/23/2024
624,Lewiss,Lackie,llackiehb@nydailynews.com,Male,4/1/2024
625,Leland,Mannagh,lmannaghhc@cloudflare.com,Female,2/10/2025
626,Aland,Burdett,aburdetthd@nationalgeographic.com,Male,6/14/2024
627,Dionysus,Bradburne,dbradburnehe@state.gov,Male,9/29/2024
628,Fabe,Labin,flabinhf@intel.com,Male,5/14/2024
629,Dunstan,Elphick,delphickhg@rakuten.co.jp,Male,3/5/2024
630,Brnaba,Thomazet,bthomazethh@constantcontact.com,Male,2/6/2025
631,Tuck,Sandeson,tsandesonhi@pagesperso-orange.fr,Agender,5/12/2024
632,Fey,Gobolos,fgoboloshj@nyu.edu,Female,10/12/2024
633,Tann,Testro,ttestrohk@ucoz.ru,Male,11/14/2024
634,Wallache,Crosetti,wcrosettihl@moonfruit.com,Bigender,3/20/2024
635,Wandis,Born,wbornhm@rambler.ru,Female,7/18/2024
636,Zed,Bartolic,zbartolichn@virginia.edu,Male,10/21/2024
637,Oswell,Hillitt,ohillittho@nydailynews.com,Male,10/30/2024
638,Josefa,Pietruszka,jpietruszkahp@google.cn,Female,10/9/2024
639,Farr,Dyas,fdyashq@ning.com,Male,4/27/2024
640,Cointon,Burchard,cburchardhr@ucsd.edu,Male,3/27/2024
641,Marigold,Summerly,msummerlyhs@google.ru,Female,12/2/2024
642,Delly,Drissell,ddrissellht@foxnews.com,Female,11/21/2024
643,Chicky,Andrea,candreahu@lycos.com,Male,7/5/2024
644,Enid,Edward,eedwardhv@ustream.tv,Female,9/22/2024
645,Sasha,Cupitt,scupitthw@com.com,Male,2/18/2025
646,Jeremy,Altofts,jaltoftshx@ycombinator.com,Male,8/6/2024
647,Enrique,Walcher,ewalcherhy@comcast.net,Male,12/7/2024
648,Cornelius,Eagles,ceagleshz@example.com,Genderfluid,6/20/2024
649,Noelani,Hargrave,nhargravei0@aol.com,Female,6/20/2024
650,Claudelle,Dearsley,cdearsleyi1@sohu.com,Female,5/3/2024
651,Carrissa,Jentges,cjentgesi2@paginegialle.it,Female,9/7/2024
652,Maxie,Denyukhin,mdenyukhini3@auda.org.au,Female,12/2/2024
653,Bertrando,Coryndon,bcoryndoni4@woothemes.com,Male,12/10/2024
654,Kennedy,Summerbell,ksummerbelli5@purevolume.com,Male,8/1/2024
655,Otho,Kensitt,okensitti6@gov.uk,Male,9/2/2024
656,Bianka,Dorricott,bdorricotti7@sakura.ne.jp,Female,9/8/2024
657,Morie,Eck,mecki8@phpbb.com,Male,5/15/2024
658,Brander,Witsey,bwitseyi9@virginia.edu,Male,11/7/2024
659,Minny,Flavelle,mflavelleia@statcounter.com,Female,8/31/2024
660,Katti,Stabler,kstablerib@quantcast.com,Female,8/21/2024
661,Brewer,Yesichev,byesichevic@drupal.org,Male,3/11/2024
662,Talya,Brawley,tbrawleyid@va.gov,Female,4/28/2024
663,Reagan,Faherty,rfahertyie@mapquest.com,Male,10/18/2024
664,Joleen,Whitehorne,jwhitehorneif@meetup.com,Agender,4/12/2024
665,Wallis,Neighbour,wneighbourig@shinystat.com,Male,4/18/2024
666,Daloris,Callicott,dcallicottih@howstuffworks.com,Female,12/31/2024
667,Rebecca,Dubbin,rdubbinii@redcross.org,Female,6/28/2024
668,Syd,Remer,sremerij@topsy.com,Male,8/4/2024
669,Heath,Parfett,hparfettik@usnews.com,Male,3/10/2024
670,Biddy,Mussard,bmussardil@gmpg.org,Female,4/5/2024
671,Lizabeth,Biddlecombe,lbiddlecombeim@blogtalkradio.com,Non-binary,2/13/2025
672,Klarika,Stuart,kstuartin@canalblog.com,Female,1/2/2025
673,Lela,Starmer,lstarmerio@storify.com,Female,1/12/2025
674,Sancho,Weatherdon,sweatherdonip@bizjournals.com,Male,7/10/2024
675,Deb,Langworthy,dlangworthyiq@usnews.com,Female,11/11/2024
676,Sacha,Baggot,sbaggotir@smugmug.com,Female,1/22/2025
677,Kahlil,Shieldon,kshieldonis@canalblog.com,Male,2/18/2025
678,Elyse,Djordjevic,edjordjevicit@ftc.gov,Female,11/13/2024
679,Ailee,MacAnelley,amacanelleyiu@miitbeian.gov.cn,Female,7/6/2024
680,Marina,Sixsmith,msixsmithiv@comcast.net,Female,2/25/2025
681,Gal,Papierz,gpapierziw@spiegel.de,Male,2/28/2025
682,Farica,Laughton,flaughtonix@alibaba.com,Female,2/11/2025
683,Jamesy,Farlambe,jfarlambeiy@bing.com,Male,7/19/2024
684,Rakel,Benediktsson,rbenediktssoniz@icio.us,Female,2/28/2025
685,Arvin,Orthmann,aorthmannj0@psu.edu,Male,8/15/2024
686,Myrta,Scurrey,mscurreyj1@webmd.com,Female,6/21/2024
687,Faber,Piotrowski,fpiotrowskij2@jimdo.com,Male,3/26/2024
688,Horst,Meechan,hmeechanj3@upenn.edu,Male,10/28/2024
689,Tamqrah,Sullens,tsullensj4@mapy.cz,Female,7/27/2024
690,Melanie,Elstow,melstowj5@exblog.jp,Female,11/20/2024
691,Laurence,Ibbison,libbisonj6@mozilla.com,Non-binary,2/26/2025
692,Saudra,McCuish,smccuishj7@nih.gov,Female,11/22/2024
693,Weber,Orteaux,worteauxj8@theguardian.com,Male,10/11/2024
694,Samuel,Gamet,sgametj9@prlog.org,Male,4/11/2024
695,Jules,Arniz,jarnizja@admin.ch,Male,3/26/2024
696,Kermie,Kinsella,kkinsellajb@surveymonkey.com,Male,6/11/2024
697,Isacco,Boneham,ibonehamjc@npr.org,Male,9/23/2024
698,Ninnette,MacGill,nmacgilljd@addtoany.com,Female,6/4/2024
699,Biron,Silley,bsilleyje@fema.gov,Genderqueer,9/29/2024
700,Dorine,Whitington,dwhitingtonjf@deliciousdays.com,Female,11/19/2024
701,Franny,Hovy,fhovyjg@cnet.com,Male,1/22/2025
702,Clyve,Iohananof,ciohananofjh@yellowpages.com,Male,4/11/2024
703,Margi,Lemmertz,mlemmertzji@google.de,Bigender,12/22/2024
704,Pansy,Nicklen,pnicklenjj@amazon.com,Agender,3/13/2024
705,Hyacinthia,Wedmore,hwedmorejk@cbsnews.com,Female,2/18/2025
706,Kalinda,Brewins,kbrewinsjl@unesco.org,Female,12/8/2024
707,Stafani,Jacques,sjacquesjm@rakuten.co.jp,Female,4/30/2024
708,Hurlee,Brantl,hbrantljn@cargocollective.com,Male,10/6/2024
709,Jasper,Teal,jtealjo@tuttocitta.it,Male,1/18/2025
710,Piper,Levee,pleveejp@hibu.com,Female,3/16/2024
711,Lily,Hewkin,lhewkinjq@homestead.com,Female,12/30/2024
712,Evaleen,Snaith,esnaithjr@boston.com,Female,10/7/2024
713,Benton,Kofax,bkofaxjs@theglobeandmail.com,Male,8/29/2024
714,Merl,Wesley,mwesleyjt@si.edu,Female,10/19/2024
715,Shirl,Charlesworth,scharlesworthju@posterous.com,Female,10/31/2024
716,Domingo,Pellingar,dpellingarjv@uiuc.edu,Male,9/8/2024
717,Jasun,Meece,jmeecejw@yale.edu,Male,1/12/2025
718,Adorne,Somerton,asomertonjx@kickstarter.com,Female,7/31/2024
719,Veda,Charter,vcharterjy@theatlantic.com,Female,10/7/2024
720,Saree,Nockalls,snockallsjz@msu.edu,Non-binary,9/29/2024
721,Roosevelt,Smogur,rsmogurk0@infoseek.co.jp,Male,10/8/2024
722,Alphonso,Leet,aleetk1@europa.eu,Male,9/10/2024
723,Fee,Tuffs,ftuffsk2@google.de,Polygender,1/20/2025
724,Gayler,Lornsen,glornsenk3@icq.com,Male,5/4/2024
725,Leola,Seeborne,lseebornek4@wufoo.com,Female,8/17/2024
726,Traver,Van den Oord,tvandenoordk5@flavors.me,Male,2/24/2025
727,Gigi,Sheryn,gsherynk6@wisc.edu,Female,7/15/2024
728,Nerti,Spoor,nspoork7@nymag.com,Bigender,7/21/2024
729,Anna-diane,Sarton,asartonk8@mapquest.com,Non-binary,10/7/2024
730,Brigham,Perri,bperrik9@live.com,Male,7/19/2024
731,Valencia,Ashe,vasheka@desdev.cn,Female,12/14/2024
732,Putnam,Brightman,pbrightmankb@army.mil,Male,12/11/2024
733,Laurella,Rupprecht,lrupprechtkc@amazon.co.jp,Female,1/8/2025
734,Boonie,Sirette,bsirettekd@hao123.com,Male,2/2/2025
735,Beret,Yaakov,byaakovke@bandcamp.com,Female,9/10/2024
736,Gillan,Averall,gaverallkf@tripod.com,Female,5/17/2024
737,Micaela,Elverstone,melverstonekg@wunderground.com,Female,3/31/2024
738,Parry,Faldoe,pfaldoekh@fc2.com,Male,6/20/2024
739,Darnall,Bousquet,dbousquetki@dmoz.org,Male,11/18/2024
740,Darcy,Burchess,dburchesskj@miibeian.gov.cn,Female,5/1/2024
741,Finn,Binden,fbindenkk@craigslist.org,Male,12/19/2024
742,Austina,Rylance,arylancekl@opera.com,Female,3/3/2024
743,Milicent,McGarrity,mmcgarritykm@msn.com,Female,10/20/2024
744,Karoly,Stitt,kstittkn@furl.net,Female,8/25/2024
745,Kleon,Deerr,kdeerrko@addthis.com,Male,3/10/2024
746,Birgit,Marler,bmarlerkp@wikia.com,Female,4/25/2024
747,Tiler,Elward,telwardkq@google.cn,Male,9/10/2024
748,Ikey,Angeau,iangeaukr@reddit.com,Male,1/31/2025
749,Corena,Dogerty,cdogertyks@blogspot.com,Female,9/6/2024
750,Olia,Sifleet,osifleetkt@salon.com,Female,11/15/2024
751,Terza,Thompkins,tthompkinsku@yahoo.co.jp,Female,10/26/2024
752,Vasilis,Villaron,vvillaronkv@clickbank.net,Male,7/9/2024
753,Rozanna,Buckell,rbuckellkw@bing.com,Female,9/30/2024
754,Rabi,De Bischof,rdebischofkx@sourceforge.net,Male,6/8/2024
755,Franky,Gurnell,fgurnellky@deliciousdays.com,Female,11/26/2024
756,Britteny,Fri,bfrikz@cyberchimps.com,Female,2/1/2025
757,Devinne,McGinnis,dmcginnisl0@java.com,Female,10/13/2024
758,Flossy,Ebbers,febbersl1@liveinternet.ru,Female,12/26/2024
759,Wake,Edensor,wedensorl2@netvibes.com,Male,10/6/2024
760,Sisely,Farloe,sfarloel3@usda.gov,Female,5/22/2024
761,Val,Jonsson,vjonssonl4@xing.com,Genderfluid,7/12/2024
762,Mae,Bartosiak,mbartosiakl5@odnoklassniki.ru,Female,4/10/2024
763,Rodd,Gyrgorcewicx,rgyrgorcewicxl6@gnu.org,Male,10/14/2024
764,Angeline,Matelyunas,amatelyunasl7@adobe.com,Female,2/3/2025
765,Violetta,Kettlesing,vkettlesingl8@e-recht24.de,Female,7/8/2024
766,Jed,Spiers,jspiersl9@techcrunch.com,Male,4/21/2024
767,Jean,Drover,jdroverla@tripod.com,Genderfluid,4/26/2024
768,Tommi,Covell,tcovelllb@cloudflare.com,Female,11/17/2024
769,Waylen,Pencost,wpencostlc@wp.com,Male,7/9/2024
770,Gregorio,Deeks,gdeeksld@biglobe.ne.jp,Male,4/7/2024
771,Hamil,Chetter,hchetterle@hud.gov,Male,5/26/2024
772,Alma,Batchan,abatchanlf@gov.uk,Female,6/17/2024
773,Haskel,Bartosch,hbartoschlg@amazon.co.uk,Male,10/6/2024
774,Adolph,Drever,adreverlh@globo.com,Male,11/8/2024
775,Lilla,Satch,lsatchli@patch.com,Female,4/25/2024
776,Avram,Mably,amablylj@seattletimes.com,Male,4/18/2024
777,Mycah,Husk,mhusklk@elegantthemes.com,Male,6/30/2024
778,Joann,Ferrarin,jferrarinll@kickstarter.com,Female,4/9/2024
779,Aubree,Ivetts,aivettslm@answers.com,Female,11/23/2024
780,Gavan,Abramowsky,gabramowskyln@soup.io,Male,10/6/2024
781,Guthrey,Bowerbank,gbowerbanklo@ocn.ne.jp,Male,1/16/2025
782,Joline,Gloucester,jgloucesterlp@auda.org.au,Female,4/6/2024
783,Paulina,Hadye,phadyelq@vistaprint.com,Female,11/30/2024
784,Sheff,Iacomo,siacomolr@alexa.com,Male,7/30/2024
785,Claudell,Smeal,csmealls@hatena.ne.jp,Male,3/28/2024
786,Tamar,Thorowgood,tthorowgoodlt@cbc.ca,Female,2/28/2025
787,Hollie,Blackboro,hblackborolu@fema.gov,Female,3/23/2024
788,Cecil,Balogh,cbaloghlv@hubpages.com,Female,6/27/2024
789,Aaren,Feuell,afeuelllw@tiny.cc,Female,8/11/2024
790,Vern,Pretti,vprettilx@pbs.org,Male,11/11/2024
791,Clarabelle,Foucher,cfoucherly@seesaa.net,Female,5/30/2024
792,Tripp,Woolbrook,twoolbrooklz@myspace.com,Male,1/1/2025
793,Inez,Chilcott,ichilcottm0@liveinternet.ru,Female,10/3/2024
794,Juli,Iannelli,jiannellim1@mysql.com,Female,1/29/2025
795,Henrik,Jordison,hjordisonm2@sciencedaily.com,Male,10/6/2024
796,Di,Scrange,dscrangem3@europa.eu,Female,9/29/2024
797,Bette,di Rocca,bdiroccam4@google.fr,Female,1/28/2025
798,Siana,Ponceford,sponcefordm5@vk.com,Female,4/15/2024
799,Misha,Arnefield,marnefieldm6@prlog.org,Female,9/16/2024
800,Bret,Negal,bnegalm7@springer.com,Male,6/3/2024
801,Ezmeralda,Jerdan,ejerdanm8@archive.org,Female,3/11/2024
802,Palm,Rikard,prikardm9@istockphoto.com,Male,7/26/2024
803,Paddie,Briereton,pbrieretonma@foxnews.com,Polygender,12/29/2024
804,Ravid,Peterffy,rpeterffymb@cnbc.com,Bigender,12/9/2024
805,Maxwell,Mottershead,mmottersheadmc@oakley.com,Male,7/17/2024
806,Stirling,Gasken,sgaskenmd@princeton.edu,Male,11/23/2024
807,Lauri,Bonifacio,lbonifaciome@printfriendly.com,Agender,11/13/2024
808,Denys,Kinder,dkindermf@lycos.com,Male,10/4/2024
809,Hank,Bushell,hbushellmg@narod.ru,Male,11/6/2024
810,Murvyn,Rappa,mrappamh@thetimes.co.uk,Male,10/20/2024
811,Cherin,Margery,cmargerymi@w3.org,Female,11/9/2024
812,Bren,Shackel,bshackelmj@indiegogo.com,Female,7/20/2024
813,Vladamir,Burgyn,vburgynmk@npr.org,Male,6/12/2024
814,Ursola,Heynel,uheynelml@vkontakte.ru,Female,4/14/2024
815,Dimitri,Michell,dmichellmm@usgs.gov,Male,4/21/2024
816,Lavinia,Romanini,lromaninimn@dion.ne.jp,Female,2/18/2025
817,Francois,Gentiry,fgentirymo@wikia.com,Male,9/27/2024
818,Cheryl,Cervantes,ccervantesmp@bravesites.com,Female,8/6/2024
819,Culver,Pavelin,cpavelinmq@paginegialle.it,Male,6/2/2024
820,Tandi,Sigert,tsigertmr@china.com.cn,Female,3/25/2024
821,Shelden,Flowers,sflowersms@godaddy.com,Male,6/20/2024
822,Regan,Bernini,rberninimt@sohu.com,Male,10/27/2024
823,Gerardo,Odlin,godlinmu@jugem.jp,Male,5/31/2024
824,Adelice,Tunder,atundermv@google.com.hk,Female,3/29/2024
825,Donny,Loughlin,dloughlinmw@naver.com,Male,12/28/2024
826,Ingunna,Anthonies,ianthoniesmx@freewebs.com,Genderfluid,1/23/2025
827,Veronique,Gauden,vgaudenmy@samsung.com,Female,3/30/2024
828,Dimitri,Garbott,dgarbottmz@google.com.hk,Male,8/1/2024
829,Eal,Asker,easkern0@wikipedia.org,Male,3/22/2024
830,Jerrome,Ivimy,jivimyn1@weebly.com,Male,1/12/2025
831,Elsworth,Flattman,eflattmann2@live.com,Male,2/21/2025
832,Talyah,Chillistone,tchillistonen3@marketwatch.com,Female,7/17/2024
833,Felisha,Andrivel,fandriveln4@elegantthemes.com,Female,10/4/2024
834,Jeanine,Stutely,jstutelyn5@tinypic.com,Female,5/1/2024
835,Annabelle,Hoyles,ahoylesn6@senate.gov,Female,2/2/2025
836,Ingmar,Belz,ibelzn7@europa.eu,Male,6/5/2024
837,Riki,Westhoff,rwesthoffn8@themeforest.net,Female,8/21/2024
838,Matty,Dowsey,mdowseyn9@mlb.com,Female,1/27/2025
839,Colleen,Lentsch,clentschna@msn.com,Female,12/21/2024
840,Reggis,Beddis,rbeddisnb@is.gd,Male,10/14/2024
841,Tyrus,Messom,tmessomnc@senate.gov,Male,8/14/2024
842,Marchall,Averall,maverallnd@alibaba.com,Male,7/8/2024
843,Appolonia,Barlas,abarlasne@alibaba.com,Female,8/1/2024
844,Kelwin,McKeveney,kmckeveneynf@tiny.cc,Male,7/12/2024
845,Wainwright,Castri,wcastring@networksolutions.com,Male,6/25/2024
846,Jacquie,Tarquini,jtarquininh@chron.com,Female,1/21/2025
847,Amandy,De Santos,adesantosni@w3.org,Female,6/11/2024
848,Jarrod,Tidswell,jtidswellnj@alexa.com,Male,1/8/2025
849,Wendye,Pullen,wpullennk@simplemachines.org,Female,5/6/2024
850,Helge,Phelipeau,hphelipeaunl@1688.com,Genderfluid,5/12/2024
851,Barris,Dunning,bdunningnm@dell.com,Male,1/11/2025
852,Tanhya,MacAlister,tmacalisternn@spiegel.de,Female,2/11/2025
853,Anderson,Hackworth,ahackworthno@blinklist.com,Male,1/17/2025
854,Eduardo,Begg,ebeggnp@columbia.edu,Male,9/28/2024
855,Thomasina,Coleyshaw,tcoleyshawnq@arstechnica.com,Female,7/11/2024
856,Aron,Ivanets,aivanetsnr@utexas.edu,Male,5/20/2024
857,Marven,Guilliland,mguillilandns@ft.com,Male,1/3/2025
858,Burr,Strugnell,bstrugnellnt@arstechnica.com,Male,10/15/2024
859,Saw,Utley,sutleynu@mozilla.org,Male,1/3/2025
860,Kristine,Gregori,kgregorinv@hhs.gov,Female,4/9/2024
861,Caitrin,Stain,cstainnw@studiopress.com,Female,12/26/2024
862,Stu,Annakin,sannakinnx@psu.edu,Male,5/3/2024
863,Kelwin,Bowman,kbowmanny@pagesperso-orange.fr,Male,12/10/2024
864,Rosana,Curtain,rcurtainnz@fc2.com,Female,10/14/2024
865,Janine,Yukhov,jyukhovo0@gmpg.org,Female,11/22/2024
866,Sara,Highwood,shighwoodo1@soup.io,Female,3/4/2024
867,Harman,Tennison,htennisono2@wikimedia.org,Male,9/22/2024
868,Marve,Servis,mserviso3@usgs.gov,Male,8/8/2024
869,Artus,Blewett,ablewetto4@delicious.com,Male,2/1/2025
870,Giustina,Fanthome,gfanthomeo5@blogtalkradio.com,Female,7/3/2024
871,Bo,Tembridge,btembridgeo6@live.com,Male,1/12/2025
872,Elroy,Spondley,espondleyo7@dion.ne.jp,Male,8/15/2024
873,Humfrid,Gehringer,hgehringero8@paginegialle.it,Male,1/18/2025
874,Wilhelmina,Locket,wlocketo9@scribd.com,Female,12/4/2024
875,Frederic,Vigneron,fvigneronoa@github.io,Male,5/9/2024
876,Arlinda,Steagall,asteagallob@nature.com,Female,11/12/2024
877,Germain,Twelvetree,gtwelvetreeoc@umn.edu,Female,11/16/2024
878,Teddie,Ferreiro,tferreirood@multiply.com,Male,3/21/2024
879,Robina,Sapsford,rsapsfordoe@wix.com,Female,8/13/2024
880,Haywood,Dighton,hdightonof@yahoo.com,Male,6/5/2024
881,Hesther,Browning,hbrowningog@chicagotribune.com,Female,1/25/2025
882,Humfried,Rubinivitz,hrubinivitzoh@youku.com,Male,10/12/2024
883,Franchot,Elcocks,felcocksoi@bigcartel.com,Male,1/21/2025
884,Conrade,Espadero,cespaderooj@free.fr,Male,9/21/2024
885,Sandye,Fuke,sfukeok@pagesperso-orange.fr,Female,11/28/2024
886,Hayyim,Elgar,helgarol@netlog.com,Male,8/11/2024
887,Ewart,Duddan,eduddanom@blog.com,Male,3/7/2024
888,Micheline,Lawful,mlawfulon@webmd.com,Female,10/5/2024
889,Gayleen,Houlton,ghoultonoo@instagram.com,Female,3/31/2024
890,Emilee,Crosser,ecrosserop@harvard.edu,Female,11/4/2024
891,Elinore,Hubbard,ehubbardoq@examiner.com,Female,12/25/2024
892,Tracee,Doumer,tdoumeror@cdbaby.com,Female,8/25/2024
893,Moyra,MacAulay,mmacaulayos@businessweek.com,Female,11/16/2024
894,Oates,Adamides,oadamidesot@google.com.au,Male,1/17/2025
895,Menard,Ketchen,mketchenou@nydailynews.com,Male,9/2/2024
896,Klaus,Gwynne,kgwynneov@about.me,Male,11/17/2024
897,Shela,Rawcliff,srawcliffow@arstechnica.com,Female,2/3/2025
898,Addie,Eastwell,aeastwellox@ebay.com,Female,10/30/2024
899,Matias,Titterton,mtittertonoy@wp.com,Male,12/7/2024
900,Jarib,Milby,jmilbyoz@businessweek.com,Male,1/1/2025
901,Bernard,Klimecki,bklimeckip0@wordpress.org,Male,3/20/2024
902,Christoph,Hicks,chicksp1@bluehost.com,Male,3/6/2024
903,Gordan,Cowap,gcowapp2@businessweek.com,Agender,9/27/2024
904,Salmon,Cornelius,scorneliusp3@sogou.com,Male,7/19/2024
905,Colette,Dicey,cdiceyp4@berkeley.edu,Female,7/12/2024
906,Lorant,Ettels,lettelsp5@google.pl,Male,3/6/2024
907,Filberte,Fitton,ffittonp6@themeforest.net,Male,7/8/2024
908,Jake,Pettifer,jpettiferp7@dropbox.com,Male,3/21/2024
909,Florian,Gomez,fgomezp8@marketwatch.com,Male,10/30/2024
910,Christophorus,Quainton,cquaintonp9@hubpages.com,Male,5/12/2024
911,Emma,Broadbridge,ebroadbridgepa@webnode.com,Female,11/16/2024
912,Andreana,Camidge,acamidgepb@wiley.com,Female,1/12/2025
913,Talbot,Sholem,tsholempc@bravesites.com,Male,6/24/2024
914,Dael,Ivins,divinspd@meetup.com,Female,6/27/2024
915,Ira,Ivanets,iivanetspe@latimes.com,Male,9/8/2024
916,Bernadene,Mangeot,bmangeotpf@so-net.ne.jp,Female,8/24/2024
917,Verena,Face,vfacepg@icq.com,Genderfluid,2/12/2025
918,Herc,O'Carran,hocarranph@gnu.org,Male,7/3/2024
919,Latisha,Leithgoe,lleithgoepi@facebook.com,Non-binary,8/5/2024
920,Brendan,Josephoff,bjosephoffpj@alibaba.com,Male,6/8/2024
921,Beatrix,Rain,brainpk@liveinternet.ru,Female,10/24/2024
922,Win,Baulch,wbaulchpl@histats.com,Male,5/12/2024
923,Myranda,Smooth,msmoothpm@baidu.com,Female,7/16/2024
924,Gasper,Zealey,gzealeypn@house.gov,Male,3/10/2024
925,Adena,Gourlay,agourlaypo@w3.org,Female,8/18/2024
926,Petronella,Spellacey,pspellaceypp@imageshack.us,Female,12/1/2024
927,Analiese,Coleridge,acoleridgepq@howstuffworks.com,Polygender,6/10/2024
928,Denys,Linck,dlinckpr@youtu.be,Male,11/17/2024
929,Mavra,Moraleda,mmoraledaps@oracle.com,Female,10/11/2024
930,Halette,Treeby,htreebypt@bravesites.com,Female,2/26/2025
931,Naoma,Liebermann,nliebermannpu@telegraph.co.uk,Female,5/28/2024
932,Tawnya,Pepperell,tpepperellpv@vk.com,Female,11/19/2024
933,Alvera,Bang,abangpw@mapy.cz,Female,8/11/2024
934,Channa,Mockford,cmockfordpx@digg.com,Female,12/4/2024
935,Cristionna,Fullard,cfullardpy@multiply.com,Female,1/10/2025
936,Marilin,Hirschmann,mhirschmannpz@biblegateway.com,Female,4/27/2024
937,Ray,Hylden,rhyldenq0@desdev.cn,Male,5/6/2024
938,Gisele,Bullen,gbullenq1@istockphoto.com,Female,2/16/2025
939,Wells,Dibbert,wdibbertq2@ca.gov,Male,3/14/2024
940,Sharl,Dumini,sduminiq3@amazon.co.uk,Genderfluid,9/19/2024
941,Jenn,Bute,jbuteq4@cbsnews.com,Female,9/29/2024
942,Issy,Hinstock,ihinstockq5@reuters.com,Female,9/9/2024
943,Lari,Benge,lbengeq6@state.tx.us,Female,12/18/2024
944,Lesley,Schukraft,lschukraftq7@canalblog.com,Agender,2/4/2025
945,Maridel,Beddard,mbeddardq8@icq.com,Female,9/16/2024
946,Desiree,Assaf,dassafq9@goo.gl,Genderqueer,1/24/2025
947,Willard,Calley,wcalleyqa@csmonitor.com,Male,3/21/2024
948,Lin,Scowen,lscowenqb@ebay.com,Male,8/1/2024
949,Leeanne,Buttwell,lbuttwellqc@ucoz.ru,Female,3/8/2024
950,Lin,Beagan,lbeaganqd@github.com,Genderfluid,5/9/2024
951,Abbie,Faltin,afaltinqe@yelp.com,Male,2/16/2025
952,Brandea,Ditt,bdittqf@amazon.co.uk,Female,11/18/2024
953,Vergil,MacAree,vmacareeqg@paginegialle.it,Male,10/1/2024
954,Patricio,Ronci,pronciqh@discovery.com,Genderqueer,5/28/2024
955,Yettie,Chatband,ychatbandqi@geocities.jp,Female,10/31/2024
956,Kirbee,De Banke,kdebankeqj@t.co,Female,1/23/2025
957,Yvon,Kliement,ykliementqk@nps.gov,Male,1/5/2025
958,Winny,Egginson,wegginsonql@so-net.ne.jp,Genderfluid,8/18/2024
959,Lilah,Bentson,lbentsonqm@samsung.com,Female,5/7/2024
960,Lonnie,Caldron,lcaldronqn@networkadvertising.org,Female,3/2/2024
961,Jan,Ballendine,jballendineqo@ca.gov,Polygender,3/12/2024
962,Hewett,Dutnell,hdutnellqp@vistaprint.com,Bigender,11/1/2024
963,Lyndsey,Flecknell,lflecknellqq@usa.gov,Female,7/13/2024
964,Missy,Daal,mdaalqr@gov.uk,Female,9/16/2024
965,Fionnula,Canland,fcanlandqs@qq.com,Female,11/15/2024
966,Sidney,Wicher,swicherqt@spotify.com,Male,6/9/2024
967,Rana,Ionn,rionnqu@a8.net,Female,5/22/2024
968,Nikolaos,Matterson,nmattersonqv@etsy.com,Male,2/23/2025
969,Mauricio,Govier,mgovierqw@google.com,Non-binary,3/29/2024
970,Ximenes,Girardy,xgirardyqx@netvibes.com,Male,11/20/2024
971,Andrej,Danniell,adanniellqy@mail.ru,Male,9/12/2024
972,Nissa,McClintock,nmcclintockqz@webnode.com,Female,10/10/2024
973,Roddie,Jiles,rjilesr0@bluehost.com,Polygender,5/9/2024
974,Marion,Perin,mperinr1@chronoengine.com,Female,2/16/2025
975,Kristal,Baldinotti,kbaldinottir2@amazon.co.uk,Female,12/12/2024
976,Carmencita,Colquit,ccolquitr3@npr.org,Female,9/30/2024
977,Sumner,Langhorne,slanghorner4@baidu.com,Agender,6/15/2024
978,Noach,Code,ncoder5@ted.com,Male,5/26/2024
979,Kevina,Millsap,kmillsapr6@symantec.com,Female,3/2/2024
980,Nathan,Howis,nhowisr7@sourceforge.net,Male,6/24/2024
981,Audre,Dawidowitz,adawidowitzr8@amazon.de,Female,7/13/2024
982,Margette,Hennington,mhenningtonr9@patch.com,Female,5/26/2024
983,Chick,Rijkeseis,crijkeseisra@sakura.ne.jp,Male,7/18/2024
984,Efrem,Darlison,edarlisonrb@amazon.co.uk,Male,9/23/2024
985,Koenraad,Shoesmith,kshoesmithrc@dot.gov,Male,1/4/2025
986,Dukey,Abys,dabysrd@symantec.com,Male,8/4/2024
987,Erasmus,Seller,esellerre@mlb.com,Polygender,11/7/2024
988,Merwin,Tutsell,mtutsellrf@gnu.org,Male,8/16/2024
989,Yorker,Toffano,ytoffanorg@livejournal.com,Male,12/5/2024
990,Robby,Beteriss,rbeterissrh@taobao.com,Female,10/25/2024
991,Archaimbaud,Perrins,aperrinsri@scientificamerican.com,Male,8/12/2024
992,Reuven,Stennet,rstennetrj@toplist.cz,Male,7/24/2024
993,Ned,Phippin,nphippinrk@shop-pro.jp,Male,5/27/2024
994,Hendrika,McGlaughn,hmcglaughnrl@webmd.com,Female,11/5/2024
995,Rosella,Lace,rlacerm@usda.gov,Female,2/7/2025
996,Carlos,Stockle,cstocklern@intel.com,Male,5/25/2024
997,Chic,Legges,cleggesro@dagondesign.com,Male,9/2/2024
998,Danit,O'Shesnan,doshesnanrp@dot.gov,Female,12/29/2024
999,Mitchell,Clethro,mclethrorq@dmoz.org,Male,5/12/2024
1000,Hamish,Ambrosio,hambrosiorr@dion.ne.jp,Male,2/25/2025
