id,nom_administrateur,prenom_administrateur,email,gender,dateembauche
1,Beverley,Bloxholm,bbloxholm0@51.la,Female,8/23/2024
2,Deva,Hundley,dhundley1@digg.com,Female,5/14/2024
3,Barbabra,Sidsaff,bsidsaff2@behance.net,Female,8/24/2024
4,Lonni,Livingston,llivingston3@odnoklassniki.ru,Female,12/27/2024
5,Maxie,Lymbourne,mlymbourne4@bloomberg.com,Male,2/11/2025
6,Jerrilyn,Suscens,jsuscens5@usda.gov,Female,12/23/2024
7,Binni,Safell,bsafell6@columbia.edu,Female,5/23/2024
8,Romain,Omrod,romrod7@t.co,Male,12/2/2024
9,Adolph,Madders,amadders8@accuweather.com,Male,12/14/2024
10,Gabie,Darrigrand,gdarrigrand9@addthis.com,Female,2/24/2025
11,Celestine,Gunston,cgunstona@themeforest.net,Female,8/5/2024
12,Mead,Worner,mwornerb@disqus.com,Male,11/23/2024
13,Keith,Barnewall,kbarnewallc@hc360.com,Male,9/29/2024
14,Ariana,Mellon,amellond@ucoz.ru,Female,3/12/2024
15,Teena,Boston,tbostone@tmall.com,Female,2/10/2025
16,Harmonia,Labat,hlabatf@admin.ch,Female,4/22/2024
17,Cammy,Nockells,cnockellsg@bandcamp.com,Non-binary,3/14/2024
18,Riley,Jennaroy,rjennaroyh@businesswire.com,Male,9/14/2024
19,Tommie,Scroggie,tscroggiei@shop-pro.jp,Female,11/20/2024
20,Andrej,Balassa,abalassaj@netlog.com,Male,5/17/2024
21,Janek,Arrington,jarringtonk@wordpress.org,Genderfluid,7/13/2024
22,Patrizio,Saph,psaphl@gizmodo.com,Male,6/20/2024
23,Ludovico,Angier,langierm@istockphoto.com,Male,2/26/2025
24,Ivonne,Habden,ihabdenn@usgs.gov,Female,7/21/2024
25,Hiram,Grabb,hgrabbo@mtv.com,Male,2/16/2025
26,Tallou,Sekulla,tsekullap@paypal.com,Female,4/21/2024
27,Dillie,Filinkov,dfilinkovq@apache.org,Male,7/7/2024
28,Kare,Divis,kdivisr@state.tx.us,Female,1/14/2025
29,Warren,Screech,wscreechs@phpbb.com,Male,3/1/2025
30,Ceil,Marages,cmaragest@ning.com,Polygender,10/7/2024
31,Martainn,Raper,mraperu@mail.ru,Male,9/21/2024
32,Jacobo,Catterall,jcatterallv@feedburner.com,Male,11/21/2024
33,Sapphira,Francais,sfrancaisw@arizona.edu,Female,10/15/2024
34,Kaile,Ellul,kellulx@w3.org,Female,5/18/2024
35,Guillema,Dinneen,gdinneeny@bandcamp.com,Female,1/24/2025
36,Angel,Noades,anoadesz@discovery.com,Female,8/3/2024
37,Ryun,Shitliffe,rshitliffe10@europa.eu,Polygender,9/30/2024
38,Gunar,Berntssen,gberntssen11@wikipedia.org,Polygender,9/12/2024
39,Neille,Brinkley,nbrinkley12@google.co.jp,Female,8/17/2024
40,Rosene,Bucknill,rbucknill13@meetup.com,Female,12/16/2024
41,Britteny,Oulet,boulet14@umn.edu,Genderqueer,8/15/2024
42,Casar,Ilyenko,cilyenko15@slideshare.net,Male,4/12/2024
43,Axel,Yurocjhin,ayurocjhin16@cdbaby.com,Male,7/12/2024
44,Lucius,Ringe,lringe17@lulu.com,Male,4/16/2024
45,Elia,Labrom,elabrom18@tumblr.com,Male,1/1/2025
46,Fairleigh,Bodman,fbodman19@bizjournals.com,Male,1/26/2025
47,Colin,Attwood,cattwood1a@miitbeian.gov.cn,Male,12/5/2024
48,Tuck,Kybird,tkybird1b@example.com,Male,1/26/2025
49,Inglis,Jedrasik,ijedrasik1c@surveymonkey.com,Male,5/16/2024
50,Shellie,De Cruze,sdecruze1d@gmpg.org,Female,10/17/2024
51,Veronique,Cuschieri,vcuschieri1e@usa.gov,Female,2/9/2025
52,Jolyn,Rosen,jrosen1f@msu.edu,Female,5/6/2024
53,Conney,Ballham,cballham1g@home.pl,Male,2/22/2025
54,Johna,Ornillos,jornillos1h@mit.edu,Female,4/22/2024
55,Blair,Sergeaunt,bsergeaunt1i@dell.com,Female,8/7/2024
56,Murvyn,Nutkins,mnutkins1j@psu.edu,Male,11/8/2024
57,Jasmin,O'Dunniom,jodunniom1k@smugmug.com,Female,5/10/2024
58,Karla,Armin,karmin1l@webeden.co.uk,Female,4/28/2024
59,Eveleen,Drinkale,edrinkale1m@linkedin.com,Female,1/31/2025
60,Suki,Klimko,sklimko1n@cloudflare.com,Female,3/24/2024
61,Susy,Jordeson,sjordeson1o@amazon.com,Female,11/4/2024
62,Trenton,Arstall,tarstall1p@csmonitor.com,Agender,1/26/2025
63,Noell,Jakoubec,njakoubec1q@cnbc.com,Polygender,11/13/2024
64,Barbabra,Mattevi,bmattevi1r@guardian.co.uk,Female,9/5/2024
65,Emmet,Kilbee,ekilbee1s@t.co,Male,3/27/2024
66,Regen,Malins,rmalins1t@umn.edu,Male,4/3/2024
67,Marianne,Pennacci,mpennacci1u@lycos.com,Female,2/22/2025
68,Terrence,Stump,tstump1v@xrea.com,Male,9/3/2024
69,Natty,Grzesiewicz,ngrzesiewicz1w@chron.com,Polygender,6/27/2024
70,Hetti,Pinnere,hpinnere1x@berkeley.edu,Female,7/24/2024
71,Wakefield,Avrahamof,wavrahamof1y@toplist.cz,Male,9/6/2024
72,Moina,Fransewich,mfransewich1z@theatlantic.com,Female,12/26/2024
73,Natty,Kime,nkime20@ftc.gov,Male,3/18/2024
74,Sherwynd,Stallwood,sstallwood21@facebook.com,Male,7/27/2024
75,Fanya,Branton,fbranton22@friendfeed.com,Female,1/9/2025
76,Charmane,Adamthwaite,cadamthwaite23@ca.gov,Female,4/6/2024
77,Leonardo,Beddows,lbeddows24@msn.com,Male,9/18/2024
78,Paten,McIlhone,pmcilhone25@wikimedia.org,Male,10/23/2024
79,Kerri,Kleinplatz,kkleinplatz26@hc360.com,Female,8/13/2024
80,Denna,O'Meara,domeara27@odnoklassniki.ru,Female,11/29/2024
81,Saree,Odney,sodney28@indiatimes.com,Female,5/25/2024
82,Easter,Woolgar,ewoolgar29@clickbank.net,Female,5/27/2024
83,Gerrard,Opdenorth,gopdenorth2a@canalblog.com,Male,8/20/2024
84,Minetta,Kingsley,mkingsley2b@delicious.com,Female,5/16/2024
85,Jud,Rookesby,jrookesby2c@tamu.edu,Male,9/6/2024
86,Niccolo,Bisterfeld,nbisterfeld2d@economist.com,Male,6/5/2024
87,Ogden,Bresner,obresner2e@dion.ne.jp,Male,2/20/2025
88,Nat,Works,nworks2f@seattletimes.com,Female,11/9/2024
89,Neale,Guilleton,nguilleton2g@cbslocal.com,Male,6/23/2024
90,Jose,Ammer,jammer2h@dyndns.org,Male,8/31/2024
91,Vickie,Pengilly,vpengilly2i@latimes.com,Female,1/3/2025
92,Adolphus,Bartkowiak,abartkowiak2j@cpanel.net,Male,7/6/2024
93,Jemmie,Honsch,jhonsch2k@baidu.com,Female,4/29/2024
94,Elsworth,Rottenbury,erottenbury2l@51.la,Male,4/25/2024
95,Carter,Maass,cmaass2m@ed.gov,Male,11/26/2024
96,Andrey,O'Canavan,aocanavan2n@google.com.au,Male,5/1/2024
97,Eduard,London,elondon2o@smh.com.au,Male,2/9/2025
98,Neal,Tighe,ntighe2p@hud.gov,Male,1/26/2025
99,Andrea,Alennikov,aalennikov2q@blog.com,Male,12/2/2024
100,Glen,Domotor,gdomotor2r@aol.com,Female,5/4/2024
101,Powell,Skeggs,pskeggs2s@smh.com.au,Male,5/9/2024
102,Olwen,Zellick,ozellick2t@a8.net,Female,2/23/2025
103,Cherilyn,Ridout,cridout2u@seesaa.net,Female,6/9/2024
104,Fielding,Wynrahame,fwynrahame2v@cmu.edu,Non-binary,9/8/2024
105,Mikel,Arunowicz,marunowicz2w@seesaa.net,Male,10/22/2024
106,Enoch,Jiruch,ejiruch2x@irs.gov,Male,3/6/2024
107,Belia,Stenhouse,bstenhouse2y@nifty.com,Female,8/15/2024
108,Alicea,Sutheran,asutheran2z@disqus.com,Female,1/15/2025
109,Rustie,Cadwaladr,rcadwaladr30@squarespace.com,Male,2/19/2025
110,Vitia,Altofts,valtofts31@accuweather.com,Female,4/6/2024
111,Dana,Eccles,deccles32@oakley.com,Male,4/22/2024
112,Phedra,Holley,pholley33@cam.ac.uk,Female,11/22/2024
113,Jobi,Spargo,jspargo34@mlb.com,Female,12/4/2024
114,George,Kissick,gkissick35@blogs.com,Bigender,9/2/2024
115,Curt,Dudgeon,cdudgeon36@nifty.com,Male,2/24/2025
116,Mellisent,Joseph,mjoseph37@shinystat.com,Female,7/19/2024
117,Christos,Odlin,codlin38@scribd.com,Male,8/8/2024
118,Abbe,Cleall,acleall39@goo.ne.jp,Male,5/25/2024
119,Ellerey,Trotman,etrotman3a@zimbio.com,Male,5/6/2024
120,Audre,MacCafferky,amaccafferky3b@tripod.com,Female,10/26/2024
121,Chrysa,Fuente,cfuente3c@sakura.ne.jp,Female,1/27/2025
122,Vic,Seppey,vseppey3d@census.gov,Male,9/23/2024
123,Ev,Kelbie,ekelbie3e@shareasale.com,Male,5/5/2024
124,Moises,L'oiseau,mloiseau3f@chicagotribune.com,Male,7/18/2024
125,Rustie,Slide,rslide3g@economist.com,Male,10/17/2024
126,Cleve,Fawdrey,cfawdrey3h@ycombinator.com,Male,9/1/2024
127,Patrizia,Bleything,pbleything3i@infoseek.co.jp,Female,1/12/2025
128,Wood,Scholcroft,wscholcroft3j@dot.gov,Male,1/18/2025
129,Gerard,Speakman,gspeakman3k@wufoo.com,Male,9/12/2024
130,Melantha,MacAlester,mmacalester3l@jimdo.com,Female,9/29/2024
131,Donetta,Paridge,dparidge3m@slashdot.org,Female,10/31/2024
132,Clari,Creebo,ccreebo3n@globo.com,Female,12/3/2024
133,Olympie,Josuweit,ojosuweit3o@loc.gov,Female,1/11/2025
134,Vernor,Reith,vreith3p@ft.com,Male,3/24/2024
135,Tana,Dobbins,tdobbins3q@oakley.com,Female,1/5/2025
136,Shanan,Wife,swife3r@a8.net,Male,9/30/2024
137,Addison,Sterman,asterman3s@accuweather.com,Male,4/17/2024
138,Phoebe,Vescovo,pvescovo3t@parallels.com,Female,3/16/2024
139,Nicola,McKinstry,nmckinstry3u@bbb.org,Female,3/26/2024
140,Bidget,Spadotto,bspadotto3v@newyorker.com,Female,2/3/2025
141,Salomon,Riddler,sriddler3w@paypal.com,Bigender,6/13/2024
142,Allsun,Mills,amills3x@aboutads.info,Female,6/8/2024
143,Hilarius,Stud,hstud3y@va.gov,Bigender,9/20/2024
144,Adolf,Walklot,awalklot3z@unesco.org,Male,1/31/2025
145,Elmore,MacDearmaid,emacdearmaid40@scientificamerican.com,Male,5/10/2024
146,Humfried,Stoggell,hstoggell41@cbslocal.com,Male,12/16/2024
147,Kakalina,Meehan,kmeehan42@usgs.gov,Agender,4/11/2024
148,Rosetta,Regler,rregler43@smugmug.com,Female,7/30/2024
149,Roosevelt,Grimsdyke,rgrimsdyke44@so-net.ne.jp,Male,5/20/2024
150,Hortensia,Giffaut,hgiffaut45@squidoo.com,Female,9/24/2024
151,Akim,Luna,aluna46@unblog.fr,Male,12/26/2024
152,Raquel,Jurczak,rjurczak47@wsj.com,Female,3/14/2024
153,Goldina,Buddles,gbuddles48@google.ru,Female,11/26/2024
154,Cosimo,Kopfer,ckopfer49@sbwire.com,Male,5/22/2024
155,Bab,MacCheyne,bmaccheyne4a@wunderground.com,Female,3/2/2024
156,Nils,Pacitti,npacitti4b@illinois.edu,Male,5/12/2024
157,Georgianne,MacCawley,gmaccawley4c@epa.gov,Female,5/21/2024
158,Edlin,Wissby,ewissby4d@hhs.gov,Male,5/1/2024
159,Adella,Midson,amidson4e@cafepress.com,Female,8/1/2024
160,Suzanna,Battams,sbattams4f@nba.com,Female,7/14/2024
161,Romonda,Bonner,rbonner4g@msn.com,Genderqueer,9/5/2024
162,Lyn,Acom,lacom4h@imgur.com,Male,8/2/2024
163,Giles,Kissack,gkissack4i@yahoo.co.jp,Male,10/22/2024
164,Colby,Stait,cstait4j@marriott.com,Male,7/18/2024
165,Dedra,Ringham,dringham4k@chronoengine.com,Female,1/18/2025
166,Sib,Denisovo,sdenisovo4l@bbb.org,Female,1/2/2025
167,Had,Follin,hfollin4m@oaic.gov.au,Male,3/6/2024
168,Barney,Readwood,breadwood4n@google.de,Male,7/27/2024
169,Rodrick,Spendley,rspendley4o@sourceforge.net,Male,1/1/2025
170,Rosalia,Dannohl,rdannohl4p@reuters.com,Female,2/15/2025
171,Tymothy,Petto,tpetto4q@state.gov,Male,2/6/2025
172,Christoforo,Ciccarelli,cciccarelli4r@spotify.com,Male,9/30/2024
173,Mace,Boulds,mboulds4s@skype.com,Male,11/7/2024
174,Danya,Gorwood,dgorwood4t@indiegogo.com,Female,7/29/2024
175,Rubina,Caine,rcaine4u@umn.edu,Female,11/7/2024
176,Alla,Blaiklock,ablaiklock4v@godaddy.com,Genderfluid,3/15/2024
177,Berton,Muckian,bmuckian4w@buzzfeed.com,Male,3/28/2024
178,Napoleon,Brando,nbrando4x@house.gov,Male,9/16/2024
179,Tucky,Martignoni,tmartignoni4y@over-blog.com,Male,9/16/2024
180,Cory,Walliker,cwalliker4z@businessinsider.com,Male,5/21/2024
181,Laurie,Darling,ldarling50@symantec.com,Male,9/6/2024
182,Guss,Longhorne,glonghorne51@cisco.com,Male,10/21/2024
183,Patsy,Coggen,pcoggen52@paypal.com,Female,9/16/2024
184,Sorcha,Kaiser,skaiser53@blinklist.com,Female,1/6/2025
185,Arluene,Hews,ahews54@nps.gov,Polygender,8/28/2024
186,Pierson,Burridge,pburridge55@163.com,Male,6/15/2024
187,Rodd,Hattigan,rhattigan56@jigsy.com,Male,8/24/2024
188,Adair,Pallesen,apallesen57@github.io,Male,2/21/2025
189,Karna,Blakeway,kblakeway58@opensource.org,Female,12/4/2024
190,Elbertina,Ive,eive59@alexa.com,Female,12/23/2024
191,Elsie,Morgan,emorgan5a@timesonline.co.uk,Female,5/12/2024
192,Javier,Burges,jburges5b@narod.ru,Male,7/24/2024
193,Yorker,Ghiotto,yghiotto5c@senate.gov,Male,9/24/2024
194,My,McCarney,mmccarney5d@123-reg.co.uk,Male,5/19/2024
195,Camel,Grewe,cgrewe5e@webs.com,Female,6/15/2024
196,Hinze,Eggar,heggar5f@psu.edu,Male,2/25/2025
197,Marlon,Beddoes,mbeddoes5g@slate.com,Male,6/8/2024
198,Tisha,Bourdis,tbourdis5h@marketwatch.com,Female,8/3/2024
199,Saunder,Cordall,scordall5i@e-recht24.de,Male,8/8/2024
200,Crystal,Fiske,cfiske5j@telegraph.co.uk,Female,3/20/2024
