id,nom_administrateur,prenom_administrateur,email,gender,dateembauche
1,Ravi,Gowling,rgowling0@devhub.com,Male,3/31/2024
2,Avril,Bonick,abonick1@webeden.co.uk,Female,1/15/2025
3,Alix,Girault,agirault2@dot.gov,Female,1/3/2025
4,Misha,Benedek,mbenedek3@fema.gov,Female,10/21/2024
5,Deloria,Boreland,dboreland4@mapy.cz,Genderqueer,6/10/2024
6,Ebenezer,Isgar,eisgar5@cnn.com,Male,3/30/2024
7,Gregg,Dutton,gdutton6@dell.com,Male,5/2/2024
8,Bank,Hacon,bhacon7@army.mil,Male,3/3/2024
9,Ranice,Kayser,rkayser8@buzzfeed.com,Female,5/20/2024
10,Cam,Wapple,cwapple9@deviantart.com,Female,10/3/2024
11,Wake,Alfonsetto,walfonsettoa@simplemachines.org,Male,12/25/2024
12,Hiram,Forker,hforkerb@mediafire.com,Male,3/27/2024
13,Sonny,Strettle,sstrettlec@slashdot.org,Female,12/13/2024
14,Venus,Propper,vpropperd@omniture.com,Female,5/2/2024
15,Almire,Petrak,apetrake@miitbeian.gov.cn,Female,6/16/2024
16,Estrella,Cameli,ecamelif@tripadvisor.com,Female,12/6/2024
17,Monty,Mussalli,mmussallig@rediff.com,Male,3/23/2024
18,Nikolaus,Soreau,nsoreauh@amazon.de,Male,8/12/2024
19,Lev,Phillps,lphillpsi@patch.com,Male,4/27/2024
20,Alfons,Jenyns,ajenynsj@drupal.org,Male,1/16/2025
21,Pam,Roddell,proddellk@1und1.de,Female,10/24/2024
22,Aime,Croot,acrootl@cnbc.com,Polygender,9/6/2024
23,Lanna,Garfoot,lgarfootm@blogger.com,Female,4/11/2024
24,Imogen,Mulford,imulfordn@angelfire.com,Female,2/26/2025
25,Jorry,Rosini,jrosinio@etsy.com,Female,4/30/2024
26,Mel,Dawtry,mdawtryp@free.fr,Male,2/17/2025
27,Brian,Cockerell,bcockerellq@360.cn,Male,3/26/2024
28,Sonnie,Horsted,shorstedr@cargocollective.com,Male,6/20/2024
29,Aube,Gasperi,agasperis@virginia.edu,Male,10/16/2024
30,Noel,Badham,nbadhamt@topsy.com,Female,11/9/2024
31,Tracey,Poles,tpolesu@alibaba.com,Female,9/27/2024
32,Greta,Hethron,ghethronv@blogs.com,Female,8/23/2024
33,Sorcha,Donnersberg,sdonnersbergw@fc2.com,Female,7/4/2024
34,Teodorico,Groves,tgrovesx@timesonline.co.uk,Male,11/28/2024
35,Zacharia,Kervin,zkerviny@narod.ru,Male,10/20/2024
36,Bambie,Albasiny,balbasinyz@hhs.gov,Female,12/21/2024
37,Brice,Nijs,bnijs10@geocities.jp,Male,1/24/2025
38,Monah,Jedrzejczyk,mjedrzejczyk11@bluehost.com,Female,10/11/2024
39,Corbin,Menis,cmenis12@wikia.com,Male,6/29/2024
40,Shay,Cheke,scheke13@goo.gl,Male,11/27/2024
41,Addie,Bozier,abozier14@umn.edu,Female,4/18/2024
42,Obed,Oret,ooret15@studiopress.com,Male,7/18/2024
43,Amery,Goldspink,agoldspink16@amazon.de,Male,11/26/2024
44,See,Mariel,smariel17@ed.gov,Male,8/17/2024
45,Erina,Shalloe,eshalloe18@accuweather.com,Female,5/9/2024
46,Brockie,Daysh,bdaysh19@ox.ac.uk,Male,10/28/2024
47,Esma,Casone,ecasone1a@gizmodo.com,Female,5/16/2024
48,Elia,Beese,ebeese1b@prnewswire.com,Male,2/8/2025
49,Granger,Gribbins,ggribbins1c@goodreads.com,Male,2/11/2025
50,Georgia,Mathers,gmathers1d@mayoclinic.com,Female,1/9/2025
51,Gustavus,Westpfel,gwestpfel1e@rambler.ru,Male,8/9/2024
52,Nellie,Snalham,nsnalham1f@goodreads.com,Female,8/25/2024
53,Alexa,Gueinn,agueinn1g@creativecommons.org,Female,4/20/2024
54,Tarrah,Greggs,tgreggs1h@zdnet.com,Female,6/29/2024
55,Melisenda,Phillp,mphillp1i@addthis.com,Female,3/4/2024
56,Hermann,Dunthorn,hdunthorn1j@ucsd.edu,Polygender,1/26/2025
57,Cecilia,Orrum,corrum1k@ocn.ne.jp,Polygender,10/22/2024
58,Dominga,Guillerman,dguillerman1l@epa.gov,Female,9/5/2024
59,Marney,Bernardino,mbernardino1m@bloomberg.com,Female,9/10/2024
60,Zitella,Empleton,zempleton1n@jugem.jp,Female,8/23/2024
61,Carson,Fishlock,cfishlock1o@google.com.hk,Male,8/24/2024
62,Xylina,Jacquot,xjacquot1p@zimbio.com,Non-binary,9/18/2024
63,Babbie,Rawlyns,brawlyns1q@bandcamp.com,Female,4/2/2024
64,Hali,Jacke,hjacke1r@sbwire.com,Female,2/25/2025
65,Tallia,Priddy,tpriddy1s@bandcamp.com,Female,8/20/2024
66,Sharline,Sentinella,ssentinella1t@rediff.com,Female,5/2/2024
67,Nanine,Iamittii,niamittii1u@miibeian.gov.cn,Female,8/13/2024
68,Jereme,Doyland,jdoyland1v@nyu.edu,Male,5/2/2024
69,Lilia,Perroni,lperroni1w@dion.ne.jp,Female,12/7/2024
70,Pandora,Tinkler,ptinkler1x@twitpic.com,Female,10/17/2024
71,Carlynne,Bulled,cbulled1y@angelfire.com,Female,9/16/2024
72,Rip,Jacob,rjacob1z@blinklist.com,Male,5/10/2024
73,Meara,Dods,mdods20@npr.org,Female,6/3/2024
74,Morna,Haulkham,mhaulkham21@scientificamerican.com,Female,4/1/2024
75,Jacques,Delahunty,jdelahunty22@vinaora.com,Male,10/4/2024
76,Charmain,Kneafsey,ckneafsey23@about.me,Female,8/1/2024
77,Veda,Littledike,vlittledike24@newyorker.com,Female,2/16/2025
78,Hodge,Kingaby,hkingaby25@flavors.me,Male,8/10/2024
79,Louie,Dallender,ldallender26@jimdo.com,Male,12/15/2024
80,Allyn,Degg,adegg27@vimeo.com,Female,7/8/2024
81,Ilka,Reitenbach,ireitenbach28@economist.com,Female,4/26/2024
82,Alicia,Savatier,asavatier29@amazon.com,Polygender,12/2/2024
83,Winifield,Lidington,wlidington2a@weather.com,Male,12/5/2024
84,Farlie,Sleightholm,fsleightholm2b@skyrock.com,Male,5/18/2024
85,Mommy,Philson,mphilson2c@cnbc.com,Bigender,4/8/2024
86,Jessamyn,Sissons,jsissons2d@de.vu,Female,5/21/2024
87,Ina,Blackaller,iblackaller2e@google.com.hk,Female,7/29/2024
88,Hunfredo,Linden,hlinden2f@webeden.co.uk,Male,9/24/2024
89,Gordan,Gawith,ggawith2g@acquirethisname.com,Male,12/22/2024
90,Dot,Holtum,dholtum2h@vistaprint.com,Female,5/31/2024
91,Emalee,Rajchert,erajchert2i@cloudflare.com,Female,11/5/2024
92,Renae,Cornwell,rcornwell2j@shutterfly.com,Female,5/19/2024
93,Michaella,Robinette,mrobinette2k@digg.com,Female,6/10/2024
94,Noni,Klimes,nklimes2l@ycombinator.com,Female,7/28/2024
95,Niels,Tippler,ntippler2m@amazon.co.uk,Male,1/1/2025
96,Dirk,Dannehl,ddannehl2n@exblog.jp,Male,2/17/2025
97,Kermit,Trase,ktrase2o@squarespace.com,Male,5/2/2024
98,Mariquilla,Mitchley,mmitchley2p@sbwire.com,Female,7/17/2024
99,Baily,Cammoile,bcammoile2q@scribd.com,Agender,8/7/2024
100,Allis,McConnulty,amcconnulty2r@yahoo.co.jp,Female,8/21/2024
101,Sarena,Chomley,schomley2s@businessinsider.com,Female,3/13/2024
102,Gretel,Fortnam,gfortnam2t@privacy.gov.au,Female,1/7/2025
103,Gladi,Decourcy,gdecourcy2u@feedburner.com,Female,4/23/2024
104,Allin,Suttie,asuttie2v@studiopress.com,Male,10/7/2024
105,Mandel,Geerling,mgeerling2w@imdb.com,Male,7/13/2024
106,Salmon,Stuckley,sstuckley2x@behance.net,Male,5/16/2024
107,Lusa,Rapsey,lrapsey2y@xinhuanet.com,Female,5/20/2024
108,Laryssa,Blain,lblain2z@tinypic.com,Female,7/12/2024
109,Donielle,Townson,dtownson30@upenn.edu,Female,8/1/2024
110,Deny,Aspinell,daspinell31@icio.us,Female,6/20/2024
111,Harmonia,Lambert,hlambert32@jugem.jp,Female,9/12/2024
112,Fidel,Cullabine,fcullabine33@bbb.org,Male,1/7/2025
113,Renaldo,Carlin,rcarlin34@state.tx.us,Male,10/21/2024
114,Frayda,Marion,fmarion35@tamu.edu,Female,8/21/2024
115,Rouvin,Bristowe,rbristowe36@moonfruit.com,Male,11/28/2024
116,Arty,Oldfield-Cherry,aoldfieldcherry37@etsy.com,Male,7/31/2024
117,Brannon,Tripney,btripney38@diigo.com,Male,7/12/2024
118,Alvis,Bidnall,abidnall39@wunderground.com,Male,6/19/2024
119,Heywood,Rowlinson,hrowlinson3a@clickbank.net,Polygender,7/15/2024
120,Jessie,Chuck,jchuck3b@amazon.com,Male,1/13/2025
121,Ambur,Simonel,asimonel3c@comcast.net,Female,1/4/2025
122,Rafe,Rastall,rrastall3d@vistaprint.com,Male,8/13/2024
123,Shirley,Spuner,sspuner3e@yellowpages.com,Female,5/2/2024
124,Homer,Neljes,hneljes3f@weibo.com,Male,5/28/2024
125,Bob,Hearle,bhearle3g@surveymonkey.com,Male,9/19/2024
126,Jolynn,Rawles,jrawles3h@vimeo.com,Female,4/4/2024
127,Sheppard,Morin,smorin3i@pcworld.com,Male,5/29/2024
128,Rudie,Challener,rchallener3j@cyberchimps.com,Male,7/29/2024
129,Hilary,Rastall,hrastall3k@zdnet.com,Female,4/19/2024
130,Rana,Petrelluzzi,rpetrelluzzi3l@hubpages.com,Female,3/22/2024
131,Shaine,Prettjohn,sprettjohn3m@ycombinator.com,Male,8/18/2024
132,Eward,Mazzeo,emazzeo3n@com.com,Male,9/22/2024
133,Wendel,Wollrauch,wwollrauch3o@cocolog-nifty.com,Male,1/25/2025
134,Jobyna,Burril,jburril3p@slashdot.org,Female,4/26/2024
135,Michaelina,Hanes,mhanes3q@cbsnews.com,Genderqueer,7/4/2024
136,Chaunce,Bolesworth,cbolesworth3r@moonfruit.com,Male,4/13/2024
137,Marmaduke,Rottcher,mrottcher3s@yahoo.com,Male,3/18/2024
138,Ramsay,Damrell,rdamrell3t@ebay.co.uk,Male,7/20/2024
139,Clary,Van den Dael,cvandendael3u@hp.com,Female,7/17/2024
140,Carolina,Ridgewell,cridgewell3v@army.mil,Female,7/10/2024
141,Shani,Voysey,svoysey3w@google.com.br,Female,9/5/2024
142,Mariellen,Aujean,maujean3x@livejournal.com,Female,5/27/2024
143,Jojo,Lewry,jlewry3y@usatoday.com,Female,5/1/2024
144,Jodie,Rubinowicz,jrubinowicz3z@engadget.com,Male,8/3/2024
145,Archie,Shakespear,ashakespear40@xrea.com,Male,11/17/2024
146,Fritz,Billyard,fbillyard41@sitemeter.com,Male,4/4/2024
147,Myrta,Sheddan,msheddan42@europa.eu,Female,6/1/2024
148,Aubert,Hanfrey,ahanfrey43@dailymotion.com,Male,10/7/2024
149,Paquito,Kowal,pkowal44@irs.gov,Male,2/17/2025
150,Larry,Zamora,lzamora45@yandex.ru,Male,1/29/2025
151,Hannie,Dillintone,hdillintone46@narod.ru,Female,1/9/2025
152,Calv,Abba,cabba47@bluehost.com,Male,7/3/2024
153,Derrek,Nicklin,dnicklin48@aol.com,Male,5/6/2024
154,Cale,Turneaux,cturneaux49@cbsnews.com,Male,12/28/2024
155,Welbie,Flippen,wflippen4a@nature.com,Male,6/26/2024
156,Rodolfo,Oxbrow,roxbrow4b@japanpost.jp,Male,4/8/2024
157,Stefan,Malec,smalec4c@sourceforge.net,Male,9/8/2024
158,Arabel,Lages,alages4d@yellowbook.com,Bigender,10/28/2024
159,Marchall,Covotti,mcovotti4e@4shared.com,Genderqueer,6/24/2024
160,Natal,Larwood,nlarwood4f@zdnet.com,Male,6/2/2024
161,Normy,Jane,njane4g@tripod.com,Male,6/2/2024
162,Skipton,Manilow,smanilow4h@gnu.org,Male,11/20/2024
163,Shayne,Frogley,sfrogley4i@ca.gov,Male,6/8/2024
164,Loria,Matson,lmatson4j@accuweather.com,Female,4/25/2024
165,Melloney,Muck,mmuck4k@jigsy.com,Agender,12/16/2024
166,Bary,Worgan,bworgan4l@reddit.com,Male,4/19/2024
167,Wilmar,MacComiskey,wmaccomiskey4m@xing.com,Bigender,8/28/2024
168,Isaiah,Fake,ifake4n@google.com.hk,Male,4/17/2024
169,Timothea,Camoys,tcamoys4o@prlog.org,Female,5/14/2024
170,Dierdre,McRitchie,dmcritchie4p@lulu.com,Female,11/8/2024
171,Marcella,Alner,malner4q@mac.com,Female,1/5/2025
172,Sandor,Guild,sguild4r@oaic.gov.au,Male,5/18/2024
173,Vinita,Craighead,vcraighead4s@symantec.com,Female,7/8/2024
174,Pepito,Sare,psare4t@vimeo.com,Male,5/17/2024
175,Brockie,Kniveton,bkniveton4u@goodreads.com,Male,5/11/2024
176,Erich,Shakelade,eshakelade4v@mashable.com,Male,9/21/2024
177,Collen,Maudson,cmaudson4w@webs.com,Female,2/13/2025
178,Domeniga,Worland,dworland4x@tuttocitta.it,Female,11/3/2024
179,Normy,Ellett,nellett4y@addthis.com,Male,2/16/2025
180,Lelia,Chopping,lchopping4z@exblog.jp,Female,9/14/2024
181,Amalie,Patemore,apatemore50@networkadvertising.org,Female,1/22/2025
182,Gibby,Mangeney,gmangeney51@samsung.com,Male,7/27/2024
183,Christian,Mattei,cmattei52@home.pl,Male,12/21/2024
184,Misty,Ainsby,mainsby53@google.com,Female,11/26/2024
185,Cesya,Newlan,cnewlan54@amazon.com,Female,5/19/2024
186,Danita,Pavluk,dpavluk55@examiner.com,Non-binary,4/4/2024
187,Zacharie,Rubenovic,zrubenovic56@hibu.com,Male,4/19/2024
188,Kandace,Coppen,kcoppen57@timesonline.co.uk,Bigender,4/28/2024
189,Mikkel,Labba,mlabba58@behance.net,Agender,8/8/2024
190,Ysabel,Kilshaw,ykilshaw59@miitbeian.gov.cn,Female,3/14/2024
191,Ethelyn,Standall,estandall5a@vimeo.com,Female,6/5/2024
192,Enrica,Nafzger,enafzger5b@baidu.com,Female,9/29/2024
193,Ronda,Chuney,rchuney5c@hibu.com,Female,11/21/2024
194,Tremayne,Veregan,tveregan5d@marriott.com,Male,4/21/2024
195,Etty,Lytle,elytle5e@timesonline.co.uk,Female,1/11/2025
196,Orson,A'Barrow,oabarrow5f@geocities.com,Male,4/29/2024
197,Duffy,Dilgarno,ddilgarno5g@mlb.com,Male,8/23/2024
198,August,Tankard,atankard5h@mapquest.com,Male,7/10/2024
199,Raynell,Derill,rderill5i@vimeo.com,Female,4/19/2024
200,Brody,Tort,btort5j@mysql.com,Male,3/17/2024
